adding.1,par-prev,1,20.05
adding.2,par-prev,1,156.32
anderson.1,par-prev,1,28.64
anderson.2,par-prev,1,17.54
anderson.4,par-prev,1,20.47
anderson.6,par-prev,1,217.88
at.1,par-prev,1,19.42
at.2,par-prev,1,20.11
at.3,par-prev,1,59.33
at.4,par-prev,1,98.24
at.5,par-prev,1,230.65
at.6,par-prev,1,778.95
at.7,par-prev,1,913.8
bakery.1,par-prev,1,17.42
bakery.2,par-prev,1,16.96
bakery.3,par-prev,1,22.52
bakery.4,par-prev,1,33.71
bakery.5,par-prev,1,515.91
blocks.2,par-prev,1,18.56
blocks.3,par-prev,1,136.52
bopdp.1,par-prev,1,14.3
bopdp.2,par-prev,1,18.18
bopdp.3,par-prev,1,27.39
bridge.1,par-prev,1,16.25
bridge.2,par-prev,1,24.32
bridge.3,par-prev,1,51.84
brp.1,par-prev,1,18.9
brp.2,par-prev,1,21.07
brp.3,par-prev,1,48.16
brp.4,par-prev,1,127.31
brp.5,par-prev,1,154.63
brp.6,par-prev,1,239.39
brp2.1,par-prev,1,27.27
brp2.2,par-prev,1,35.39
brp2.3,par-prev,1,26.71
brp2.4,par-prev,1,96.92
brp2.5,par-prev,1,72.92
cambridge.1,par-prev,1,20.24
cambridge.2,par-prev,1,20.53
cambridge.3,par-prev,1,20.86
cambridge.4,par-prev,1,40.78
cambridge.5,par-prev,1,173.7
cambridge.6,par-prev,1,1073.89
collision.1,par-prev,1,16.74
collision.2,par-prev,1,17.82
collision.3,par-prev,1,68.08
cyclic_scheduler.1,par-prev,1,7.72
cyclic_scheduler.2,par-prev,1,12.78
cyclic_scheduler.3,par-prev,1,9.77
cyclic_scheduler.4,par-prev,1,9.79
driving_phils.1,par-prev,1,17.27
driving_phils.2,par-prev,1,13.92
elevator.1,par-prev,1,20.53
elevator.2,par-prev,1,14.78
elevator.4,par-prev,1,287.96
elevator2.1,par-prev,1,16.79
elevator2.2,par-prev,1,15.16
elevator2.3,par-prev,1,108.44
elevator_planning.1,par-prev,1,15.05
elevator_planning.2,par-prev,1,352.06
elevator_planning.3,par-prev,1,16.64
exit.1,par-prev,1,32.3
exit.2,par-prev,1,11.62
exit.3,par-prev,1,87.33
exit.5,par-prev,1,30.9
extinction.1,par-prev,1,8.92
extinction.2,par-prev,1,10.86
extinction.3,par-prev,1,144.58
extinction.4,par-prev,1,94.29
firewire_link.1,par-prev,1,5.05
firewire_link.2,par-prev,1,27.61
firewire_link.4,par-prev,1,12.68
firewire_link.5,par-prev,1,921.58
firewire_link.7,par-prev,1,69.9
firewire_tree.1,par-prev,1,3.29
firewire_tree.2,par-prev,1,13.5
firewire_tree.3,par-prev,1,139.58
fischer.1,par-prev,1,17.48
fischer.2,par-prev,1,18.19
fischer.3,par-prev,1,43.73
fischer.4,par-prev,1,27.76
fischer.5,par-prev,1,169.56
fischer.6,par-prev,1,59.07
fischer.7,par-prev,1,260.77
frogs.1,par-prev,1,21.66
frogs.2,par-prev,1,43.77
frogs.3,par-prev,1,989.4
gear.1,par-prev,1,16.94
gear.2,par-prev,1,25.25
hanoi.1,par-prev,1,43.69
iprotocol.1,par-prev,1,12.52
iprotocol.2,par-prev,1,15.74
iprotocol.3,par-prev,1,86.06
iprotocol.4,par-prev,1,278.54
iprotocol.6,par-prev,1,971.63
krebs.1,par-prev,1,20.69
krebs.2,par-prev,1,47.66
krebs.3,par-prev,1,145.3
krebs.4,par-prev,1,286.99
lamport.1,par-prev,1,19.4
lamport.2,par-prev,1,27.48
lamport.3,par-prev,1,19.71
lamport.5,par-prev,1,53.78
lamport.7,par-prev,1,540.64
lamport_nonatomic.1,par-prev,1,12.85
lamport_nonatomic.2,par-prev,1,12.38
lamport_nonatomic.3,par-prev,1,13.39
lamport_nonatomic.4,par-prev,1,24.93
lamport_nonatomic.5,par-prev,1,134.88
lann.1,par-prev,1,20.14
lann.2,par-prev,1,14.03
lann.3,par-prev,1,48.44
lann.4,par-prev,1,164.48
lann.5,par-prev,1,36.22
lann.7,par-prev,1,527.41
leader_election.1,par-prev,1,14.15
leader_election.2,par-prev,1,46.96
leader_election.3,par-prev,1,41.54
leader_election.4,par-prev,1,96.36
leader_election.5,par-prev,1,216.25
leader_filters.1,par-prev,1,16.95
leader_filters.2,par-prev,1,17.41
leader_filters.3,par-prev,1,27.26
leader_filters.4,par-prev,1,18.29
leader_filters.5,par-prev,1,129.59
lifts.1,par-prev,1,13.47
lifts.2,par-prev,1,13.5
lifts.3,par-prev,1,63.46
lifts.4,par-prev,1,118.81
lifts.5,par-prev,1,188.53
lifts.6,par-prev,1,416.36
loyd.1,par-prev,1,18.75
loyd.2,par-prev,1,293.34
lup.1,par-prev,1,18.87
lup.2,par-prev,1,134.11
lup.3,par-prev,1,530.39
mcs.1,par-prev,1,17.31
mcs.2,par-prev,1,15.98
mcs.3,par-prev,1,65.65
mcs.4,par-prev,1,14.99
mcs.6,par-prev,1,16.0
msmie.1,par-prev,1,14.7
msmie.2,par-prev,1,10.15
msmie.3,par-prev,1,10.46
msmie.4,par-prev,1,40.71
needham.1,par-prev,1,14.85
needham.2,par-prev,1,13.53
needham.3,par-prev,1,16.57
needham.4,par-prev,1,47.99
peg_solitaire.1,par-prev,1,124.25
peg_solitaire.5,par-prev,1,590.44
peterson.1,par-prev,1,17.16
peterson.2,par-prev,1,18.09
peterson.3,par-prev,1,19.12
peterson.4,par-prev,1,51.74
peterson.5,par-prev,1,101.7
peterson.6,par-prev,1,188.59
peterson.7,par-prev,1,769.68
pgm_protocol.1,par-prev,1,84.23
pgm_protocol.2,par-prev,1,134.63
pgm_protocol.4,par-prev,1,229.51
pgm_protocol.5,par-prev,1,1121.66
phils.1,par-prev,1,15.72
phils.2,par-prev,1,16.08
phils.3,par-prev,1,16.17
phils.4,par-prev,1,14.55
phils.5,par-prev,1,12.2
phils.6,par-prev,1,11.01
phils.7,par-prev,1,17.77
phils.8,par-prev,1,10.95
pouring.1,par-prev,1,19.37
pouring.2,par-prev,1,23.48
production_cell.1,par-prev,1,18.58
production_cell.2,par-prev,1,17.83
production_cell.3,par-prev,1,113.18
production_cell.4,par-prev,1,66.3
protocols.1,par-prev,1,16.56
protocols.2,par-prev,1,16.98
protocols.3,par-prev,1,15.28
protocols.4,par-prev,1,17.1
protocols.5,par-prev,1,18.22
public_subscribe.1,par-prev,1,14.88
public_subscribe.3,par-prev,1,314.74
reader_writer.1,par-prev,1,14.34
reader_writer.2,par-prev,1,12.3
reader_writer.3,par-prev,1,9.71
resistance.1,par-prev,1,53.36
resistance.2,par-prev,1,84.72
rether.1,par-prev,1,14.8
rether.2,par-prev,1,24.02
rether.3,par-prev,1,554.8
rushhour.1,par-prev,1,16.31
rushhour.2,par-prev,1,29.82
schedule_world.1,par-prev,1,14.34
schedule_world.2,par-prev,1,48.59
sorter.1,par-prev,1,16.62
sorter.2,par-prev,1,15.04
sorter.3,par-prev,1,213.69
sorter.5,par-prev,1,81.65
synapse.1,par-prev,1,21.44
synapse.2,par-prev,1,22.71
synapse.3,par-prev,1,50.2
synapse.4,par-prev,1,155.51
synapse.5,par-prev,1,30.48
synapse.6,par-prev,1,69.78
synapse.7,par-prev,1,273.85
szymanski.1,par-prev,1,18.01
szymanski.2,par-prev,1,19.41
szymanski.3,par-prev,1,67.68
szymanski.4,par-prev,1,108.77
szymanski.5,par-prev,1,895.56
telephony.1,par-prev,1,15.8
telephony.2,par-prev,1,19.4
telephony.3,par-prev,1,42.42
telephony.4,par-prev,1,162.13
telephony.7,par-prev,1,286.99
adding.1,bfs-prev,1,20.04
adding.2,bfs-prev,1,156.68
adding.3,bfs-prev,1,356.22
adding.4,bfs-prev,1,644.45
adding.5,bfs-prev,1,1037.8
anderson.1,bfs-prev,1,28.61
anderson.2,bfs-prev,1,17.44
anderson.4,bfs-prev,1,20.3
anderson.6,bfs-prev,1,218.45
anderson.8,bfs-prev,1,1179.96
at.1,bfs-prev,1,19.45
at.2,bfs-prev,1,20.16
at.3,bfs-prev,1,59.34
at.4,bfs-prev,1,97.92
at.5,bfs-prev,1,231.08
bakery.1,bfs-prev,1,17.36
bakery.2,bfs-prev,1,17.09
bakery.3,bfs-prev,1,22.64
bakery.4,bfs-prev,1,33.61
blocks.2,bfs-prev,1,18.52
blocks.3,bfs-prev,1,136.42
bopdp.1,bfs-prev,1,14.35
bopdp.2,bfs-prev,1,18.14
bopdp.3,bfs-prev,1,27.23
bridge.1,bfs-prev,1,16.32
bridge.2,bfs-prev,1,24.39
bridge.3,bfs-prev,1,51.97
brp.1,bfs-prev,1,18.86
brp.2,bfs-prev,1,21.07
brp.3,bfs-prev,1,48.1
brp.4,bfs-prev,1,127.42
brp.5,bfs-prev,1,154.94
brp.6,bfs-prev,1,239.19
brp2.1,bfs-prev,1,27.39
brp2.2,bfs-prev,1,35.39
brp2.3,bfs-prev,1,26.79
brp2.4,bfs-prev,1,96.69
brp2.5,bfs-prev,1,73.19
cambridge.1,bfs-prev,1,20.29
cambridge.2,bfs-prev,1,20.41
cambridge.3,bfs-prev,1,20.87
cambridge.4,bfs-prev,1,40.72
cambridge.5,bfs-prev,1,173.92
collision.1,bfs-prev,1,16.66
collision.2,bfs-prev,1,17.79
collision.3,bfs-prev,1,68.07
cyclic_scheduler.1,bfs-prev,1,7.7
cyclic_scheduler.2,bfs-prev,1,12.77
cyclic_scheduler.3,bfs-prev,1,9.43
cyclic_scheduler.4,bfs-prev,1,9.73
driving_phils.1,bfs-prev,1,17.3
driving_phils.2,bfs-prev,1,13.97
elevator.1,bfs-prev,1,20.55
elevator.2,bfs-prev,1,14.79
elevator.4,bfs-prev,1,287.92
elevator2.1,bfs-prev,1,16.8
elevator2.2,bfs-prev,1,15.19
elevator2.3,bfs-prev,1,108.64
elevator_planning.1,bfs-prev,1,15.13
elevator_planning.2,bfs-prev,1,352.73
elevator_planning.3,bfs-prev,1,16.63
exit.1,bfs-prev,1,32.3
exit.2,bfs-prev,1,11.68
exit.3,bfs-prev,1,87.15
exit.5,bfs-prev,1,30.97
extinction.1,bfs-prev,1,8.95
extinction.2,bfs-prev,1,10.83
extinction.3,bfs-prev,1,144.41
extinction.4,bfs-prev,1,94.25
firewire_link.1,bfs-prev,1,5.03
firewire_link.2,bfs-prev,1,27.66
firewire_link.4,bfs-prev,1,12.62
firewire_link.7,bfs-prev,1,69.71
firewire_tree.1,bfs-prev,1,3.29
firewire_tree.2,bfs-prev,1,13.47
firewire_tree.3,bfs-prev,1,139.46
fischer.1,bfs-prev,1,17.55
fischer.2,bfs-prev,1,18.16
fischer.3,bfs-prev,1,43.72
fischer.4,bfs-prev,1,27.72
fischer.5,bfs-prev,1,169.21
fischer.6,bfs-prev,1,58.85
fischer.7,bfs-prev,1,259.93
frogs.1,bfs-prev,1,21.94
frogs.2,bfs-prev,1,43.75
gear.1,bfs-prev,1,16.93
gear.2,bfs-prev,1,25.21
hanoi.1,bfs-prev,1,43.62
iprotocol.1,bfs-prev,1,12.61
iprotocol.2,bfs-prev,1,15.74
iprotocol.3,bfs-prev,1,86.1
iprotocol.4,bfs-prev,1,278.86
krebs.1,bfs-prev,1,20.81
krebs.2,bfs-prev,1,47.57
krebs.3,bfs-prev,1,144.7
krebs.4,bfs-prev,1,286.66
lamport.1,bfs-prev,1,19.35
lamport.2,bfs-prev,1,27.55
lamport.3,bfs-prev,1,19.48
lamport.5,bfs-prev,1,53.84
lamport.6,bfs-prev,1,546.54
lamport.7,bfs-prev,1,541.02
lamport_nonatomic.1,bfs-prev,1,12.86
lamport_nonatomic.2,bfs-prev,1,12.39
lamport_nonatomic.3,bfs-prev,1,13.35
lamport_nonatomic.4,bfs-prev,1,24.96
lamport_nonatomic.5,bfs-prev,1,134.75
lann.1,bfs-prev,1,20.08
lann.2,bfs-prev,1,14.15
lann.3,bfs-prev,1,48.44
lann.4,bfs-prev,1,163.83
lann.5,bfs-prev,1,36.15
leader_election.1,bfs-prev,1,14.18
leader_election.2,bfs-prev,1,47.18
leader_election.3,bfs-prev,1,41.52
leader_election.4,bfs-prev,1,96.37
leader_election.5,bfs-prev,1,216.2
leader_election.6,bfs-prev,1,566.39
leader_filters.1,bfs-prev,1,16.98
leader_filters.2,bfs-prev,1,17.34
leader_filters.3,bfs-prev,1,27.22
leader_filters.4,bfs-prev,1,18.28
leader_filters.5,bfs-prev,1,129.46
leader_filters.7,bfs-prev,1,459.59
lifts.1,bfs-prev,1,13.53
lifts.2,bfs-prev,1,13.45
lifts.3,bfs-prev,1,63.38
lifts.4,bfs-prev,1,118.92
lifts.5,bfs-prev,1,187.67
loyd.1,bfs-prev,1,18.74
loyd.2,bfs-prev,1,293.06
lup.1,bfs-prev,1,18.86
lup.2,bfs-prev,1,134.43
mcs.1,bfs-prev,1,17.24
mcs.2,bfs-prev,1,15.94
mcs.3,bfs-prev,1,65.7
mcs.4,bfs-prev,1,14.98
mcs.6,bfs-prev,1,16.08
msmie.1,bfs-prev,1,14.7
msmie.2,bfs-prev,1,10.14
msmie.3,bfs-prev,1,10.41
msmie.4,bfs-prev,1,40.82
needham.1,bfs-prev,1,14.76
needham.2,bfs-prev,1,13.48
needham.3,bfs-prev,1,16.49
needham.4,bfs-prev,1,47.94
peg_solitaire.1,bfs-prev,1,124.27
peterson.1,bfs-prev,1,17.16
peterson.2,bfs-prev,1,18.17
peterson.3,bfs-prev,1,19.26
peterson.4,bfs-prev,1,51.76
peterson.5,bfs-prev,1,101.47
peterson.6,bfs-prev,1,189.15
pgm_protocol.1,bfs-prev,1,84.29
pgm_protocol.2,bfs-prev,1,134.33
pgm_protocol.3,bfs-prev,1,906.94
pgm_protocol.4,bfs-prev,1,229.56
pgm_protocol.5,bfs-prev,1,1121.83
pgm_protocol.7,bfs-prev,1,611.66
phils.1,bfs-prev,1,15.78
phils.2,bfs-prev,1,16.12
phils.3,bfs-prev,1,16.17
phils.4,bfs-prev,1,14.36
phils.5,bfs-prev,1,12.21
phils.6,bfs-prev,1,11.03
phils.7,bfs-prev,1,17.79
phils.8,bfs-prev,1,10.94
pouring.1,bfs-prev,1,19.37
pouring.2,bfs-prev,1,23.64
production_cell.1,bfs-prev,1,18.68
production_cell.2,bfs-prev,1,17.79
production_cell.3,bfs-prev,1,112.97
production_cell.4,bfs-prev,1,66.24
protocols.1,bfs-prev,1,16.7
protocols.2,bfs-prev,1,16.98
protocols.3,bfs-prev,1,15.25
protocols.4,bfs-prev,1,17.3
protocols.5,bfs-prev,1,18.3
public_subscribe.1,bfs-prev,1,15.0
reader_writer.1,bfs-prev,1,14.33
reader_writer.2,bfs-prev,1,12.36
reader_writer.3,bfs-prev,1,9.66
resistance.1,bfs-prev,1,52.67
resistance.2,bfs-prev,1,84.6
rether.1,bfs-prev,1,14.88
rether.2,bfs-prev,1,23.92
rushhour.1,bfs-prev,1,16.34
rushhour.2,bfs-prev,1,29.8
schedule_world.1,bfs-prev,1,14.32
schedule_world.2,bfs-prev,1,48.59
schedule_world.3,bfs-prev,1,714.3
sorter.1,bfs-prev,1,16.63
sorter.2,bfs-prev,1,14.85
sorter.3,bfs-prev,1,213.76
sorter.5,bfs-prev,1,81.61
synapse.1,bfs-prev,1,21.46
synapse.2,bfs-prev,1,22.72
synapse.3,bfs-prev,1,50.21
synapse.4,bfs-prev,1,155.46
synapse.5,bfs-prev,1,30.54
synapse.6,bfs-prev,1,69.93
synapse.7,bfs-prev,1,274.58
szymanski.1,bfs-prev,1,17.97
szymanski.2,bfs-prev,1,19.39
szymanski.3,bfs-prev,1,67.6
szymanski.4,bfs-prev,1,109.07
szymanski.5,bfs-prev,1,894.53
telephony.1,bfs-prev,1,15.89
telephony.2,bfs-prev,1,19.41
telephony.3,bfs-prev,1,42.5
telephony.4,bfs-prev,1,162.07
telephony.7,bfs-prev,1,287.24
adding.1,par-prev,48,4.93
adding.2,par-prev,48,38.24
adding.3,par-prev,48,62.39
adding.4,par-prev,48,93.78
adding.5,par-prev,48,137.08
adding.6,par-prev,48,190.64
anderson.1,par-prev,48,7.05
anderson.2,par-prev,48,2.88
anderson.3,par-prev,48,61.97
anderson.4,par-prev,48,2.76
anderson.6,par-prev,48,14.01
anderson.8,par-prev,48,47.59
at.1,par-prev,48,3.09
at.2,par-prev,48,2.97
at.3,par-prev,48,5.73
at.4,par-prev,48,5.36
at.5,par-prev,48,12.0
at.6,par-prev,48,32.49
at.7,par-prev,48,46.02
bakery.1,par-prev,48,3.79
bakery.2,par-prev,48,3.78
bakery.3,par-prev,48,4.05
bakery.4,par-prev,48,5.44
bakery.5,par-prev,48,59.3
bakery.6,par-prev,48,40.1
bakery.7,par-prev,48,183.1
blocks.2,par-prev,48,4.17
blocks.3,par-prev,48,46.09
bopdp.1,par-prev,48,1.7
bopdp.2,par-prev,48,2.41
bopdp.3,par-prev,48,2.39
bridge.1,par-prev,48,1.77
bridge.2,par-prev,48,2.75
bridge.3,par-prev,48,6.07
brp.1,par-prev,48,2.54
brp.2,par-prev,48,2.54
brp.3,par-prev,48,6.22
brp.4,par-prev,48,11.41
brp.5,par-prev,48,16.81
brp.6,par-prev,48,19.93
brp2.1,par-prev,48,6.1
brp2.2,par-prev,48,7.0
brp2.3,par-prev,48,6.37
brp2.4,par-prev,48,44.95
brp2.5,par-prev,48,19.81
brp2.6,par-prev,48,230.64
cambridge.1,par-prev,48,3.7
cambridge.2,par-prev,48,3.79
cambridge.3,par-prev,48,4.28
cambridge.4,par-prev,48,8.23
cambridge.5,par-prev,48,68.79
collision.1,par-prev,48,2.7
collision.2,par-prev,48,2.81
collision.3,par-prev,48,5.91
collision.4,par-prev,48,100.09
cyclic_scheduler.1,par-prev,48,0.83
cyclic_scheduler.2,par-prev,48,1.92
cyclic_scheduler.3,par-prev,48,0.75
cyclic_scheduler.4,par-prev,48,1.04
driving_phils.1,par-prev,48,2.62
driving_phils.2,par-prev,48,1.98
elevator.1,par-prev,48,1.83
elevator.2,par-prev,48,1.6
elevator.3,par-prev,48,10.58
elevator.4,par-prev,48,11.73
elevator2.1,par-prev,48,4.64
elevator2.2,par-prev,48,2.99
elevator2.3,par-prev,48,115.7
elevator_planning.1,par-prev,48,3.78
elevator_planning.2,par-prev,48,20.66
elevator_planning.3,par-prev,48,4.12
exit.1,par-prev,48,3.82
exit.2,par-prev,48,1.33
exit.3,par-prev,48,5.9
exit.4,par-prev,48,164.49
exit.5,par-prev,48,2.29
extinction.1,par-prev,48,1.05
extinction.2,par-prev,48,1.59
extinction.3,par-prev,48,5.53
extinction.4,par-prev,48,4.5
firewire_link.1,par-prev,48,0.7
firewire_link.2,par-prev,48,2.37
firewire_link.3,par-prev,48,109.4
firewire_link.4,par-prev,48,1.53
firewire_link.5,par-prev,48,32.2
firewire_link.7,par-prev,48,4.4
firewire_tree.1,par-prev,48,0.78
firewire_tree.2,par-prev,48,1.32
firewire_tree.3,par-prev,48,9.12
firewire_tree.4,par-prev,48,13.43
fischer.1,par-prev,48,4.35
fischer.2,par-prev,48,4.18
fischer.3,par-prev,48,5.45
fischer.4,par-prev,48,8.99
fischer.5,par-prev,48,42.04
fischer.6,par-prev,48,31.22
fischer.7,par-prev,48,39.02
frogs.1,par-prev,48,17.42
frogs.2,par-prev,48,42.1
frogs.3,par-prev,48,1005.96
gear.1,par-prev,48,2.44
gear.2,par-prev,48,3.9
hanoi.1,par-prev,48,40.6
iprotocol.1,par-prev,48,1.98
iprotocol.2,par-prev,48,2.26
iprotocol.3,par-prev,48,7.44
iprotocol.4,par-prev,48,23.95
iprotocol.5,par-prev,48,139.92
iprotocol.6,par-prev,48,94.52
krebs.1,par-prev,48,6.24
krebs.2,par-prev,48,16.07
krebs.3,par-prev,48,51.79
krebs.4,par-prev,48,75.2
lamport.1,par-prev,48,2.16
lamport.2,par-prev,48,2.87
lamport.3,par-prev,48,2.45
lamport.5,par-prev,48,3.69
lamport.6,par-prev,48,26.32
lamport.7,par-prev,48,21.5
lamport.8,par-prev,48,25.22
lamport_nonatomic.1,par-prev,48,1.19
lamport_nonatomic.2,par-prev,48,1.27
lamport_nonatomic.3,par-prev,48,1.28
lamport_nonatomic.4,par-prev,48,1.58
lamport_nonatomic.5,par-prev,48,5.4
lann.1,par-prev,48,2.76
lann.2,par-prev,48,1.96
lann.3,par-prev,48,3.85
lann.4,par-prev,48,6.6
lann.5,par-prev,48,2.16
lann.6,par-prev,48,122.33
lann.7,par-prev,48,17.66
leader_election.1,par-prev,48,1.53
leader_election.2,par-prev,48,8.12
leader_election.3,par-prev,48,3.96
leader_election.4,par-prev,48,8.52
leader_election.5,par-prev,48,11.77
leader_election.6,par-prev,48,25.27
leader_filters.1,par-prev,48,2.93
leader_filters.2,par-prev,48,3.25
leader_filters.3,par-prev,48,4.5
leader_filters.4,par-prev,48,2.6
leader_filters.5,par-prev,48,10.44
leader_filters.6,par-prev,48,51.73
leader_filters.7,par-prev,48,30.63
lifts.1,par-prev,48,1.38
lifts.2,par-prev,48,1.5
lifts.3,par-prev,48,4.07
lifts.4,par-prev,48,5.9
lifts.5,par-prev,48,8.54
lifts.6,par-prev,48,16.72
lifts.7,par-prev,48,53.8
lifts.8,par-prev,48,142.98
loyd.1,par-prev,48,12.87
loyd.2,par-prev,48,280.36
lup.1,par-prev,48,6.21
lup.2,par-prev,48,139.05
lup.3,par-prev,48,582.28
mcs.1,par-prev,48,2.72
mcs.2,par-prev,48,2.59
mcs.3,par-prev,48,4.34
mcs.4,par-prev,48,1.96
mcs.5,par-prev,48,80.02
mcs.6,par-prev,48,1.9
msmie.1,par-prev,48,1.56
msmie.2,par-prev,48,1.14
msmie.3,par-prev,48,1.13
msmie.4,par-prev,48,2.81
needham.1,par-prev,48,1.97
needham.2,par-prev,48,1.38
needham.3,par-prev,48,1.28
needham.4,par-prev,48,2.2
peg_solitaire.1,par-prev,48,129.0
peterson.1,par-prev,48,3.43
peterson.2,par-prev,48,3.3
peterson.3,par-prev,48,4.0
peterson.4,par-prev,48,7.43
peterson.5,par-prev,48,11.02
peterson.6,par-prev,48,14.88
peterson.7,par-prev,48,73.96
pgm_protocol.1,par-prev,48,9.96
pgm_protocol.2,par-prev,48,13.86
pgm_protocol.3,par-prev,48,49.05
pgm_protocol.4,par-prev,48,19.07
pgm_protocol.5,par-prev,48,54.89
pgm_protocol.6,par-prev,48,79.62
pgm_protocol.7,par-prev,48,33.53
pgm_protocol.8,par-prev,48,167.03
phils.1,par-prev,48,3.22
phils.2,par-prev,48,2.36
phils.3,par-prev,48,2.72
phils.4,par-prev,48,1.69
phils.5,par-prev,48,1.62
phils.6,par-prev,48,1.32
phils.7,par-prev,48,1.53
phils.8,par-prev,48,1.31
pouring.1,par-prev,48,3.16
pouring.2,par-prev,48,2.5
production_cell.1,par-prev,48,1.67
production_cell.2,par-prev,48,2.45
production_cell.3,par-prev,48,4.9
production_cell.4,par-prev,48,3.6
production_cell.5,par-prev,48,13.61
production_cell.6,par-prev,48,39.08
protocols.1,par-prev,48,5.23
protocols.2,par-prev,48,3.98
protocols.3,par-prev,48,3.12
protocols.4,par-prev,48,3.51
protocols.5,par-prev,48,3.72
public_subscribe.1,par-prev,48,1.93
public_subscribe.2,par-prev,48,13.1
public_subscribe.3,par-prev,48,12.91
public_subscribe.4,par-prev,48,16.01
reader_writer.1,par-prev,48,2.19
reader_writer.2,par-prev,48,1.83
reader_writer.3,par-prev,48,1.29
resistance.1,par-prev,48,61.88
resistance.2,par-prev,48,79.86
rether.1,par-prev,48,2.54
rether.2,par-prev,48,3.02
rether.3,par-prev,48,24.25
rether.4,par-prev,48,79.18
rether.5,par-prev,48,180.67
rushhour.1,par-prev,48,12.29
rushhour.2,par-prev,48,24.41
schedule_world.1,par-prev,48,2.03
schedule_world.2,par-prev,48,2.8
schedule_world.3,par-prev,48,22.93
sorter.1,par-prev,48,2.34
sorter.2,par-prev,48,2.21
sorter.3,par-prev,48,11.32
sorter.4,par-prev,48,40.71
sorter.5,par-prev,48,5.3
synapse.1,par-prev,48,2.15
synapse.2,par-prev,48,2.08
synapse.3,par-prev,48,4.43
synapse.4,par-prev,48,8.59
synapse.5,par-prev,48,2.24
synapse.6,par-prev,48,4.23
synapse.7,par-prev,48,14.92
szymanski.1,par-prev,48,2.59
szymanski.2,par-prev,48,2.83
szymanski.3,par-prev,48,7.81
szymanski.4,par-prev,48,10.02
szymanski.5,par-prev,48,62.52
telephony.1,par-prev,48,2.16
telephony.2,par-prev,48,2.58
telephony.3,par-prev,48,3.67
telephony.4,par-prev,48,22.98
telephony.7,par-prev,48,27.49
adding.1,bfs-prev,48,12.07
adding.2,bfs-prev,48,54.95
adding.3,bfs-prev,48,91.36
adding.4,bfs-prev,48,136.94
adding.5,bfs-prev,48,191.98
adding.6,bfs-prev,48,270.82
anderson.1,bfs-prev,48,28.21
anderson.2,bfs-prev,48,12.14
anderson.3,bfs-prev,48,228.0
anderson.4,bfs-prev,48,14.17
anderson.6,bfs-prev,48,123.16
at.1,bfs-prev,48,13.75
at.2,bfs-prev,48,14.34
at.3,bfs-prev,48,31.85
at.4,bfs-prev,48,42.62
at.5,bfs-prev,48,91.64
at.6,bfs-prev,48,278.89
bakery.1,bfs-prev,48,18.09
bakery.2,bfs-prev,48,16.72
bakery.3,bfs-prev,48,18.43
bakery.4,bfs-prev,48,23.5
bakery.5,bfs-prev,48,201.77
bakery.6,bfs-prev,48,132.42
bakery.7,bfs-prev,48,589.58
blocks.2,bfs-prev,48,15.89
blocks.3,bfs-prev,48,106.56
bopdp.1,bfs-prev,48,11.86
bopdp.2,bfs-prev,48,14.78
bopdp.3,bfs-prev,48,18.63
bridge.1,bfs-prev,48,11.51
bridge.2,bfs-prev,48,15.88
bridge.3,bfs-prev,48,41.59
brp.1,bfs-prev,48,14.5
brp.2,bfs-prev,48,15.82
brp.3,bfs-prev,48,29.29
brp.4,bfs-prev,48,61.06
brp.5,bfs-prev,48,73.76
brp.6,bfs-prev,48,100.41
brp2.1,bfs-prev,48,20.95
brp2.2,bfs-prev,48,25.51
brp2.3,bfs-prev,48,19.97
brp2.4,bfs-prev,48,74.64
brp2.5,bfs-prev,48,51.21
cambridge.1,bfs-prev,48,13.15
cambridge.2,bfs-prev,48,13.0
cambridge.3,bfs-prev,48,15.93
cambridge.4,bfs-prev,48,19.37
cambridge.5,bfs-prev,48,85.29
collision.1,bfs-prev,48,13.14
collision.2,bfs-prev,48,13.75
collision.3,bfs-prev,48,36.48
collision.4,bfs-prev,48,824.81
cyclic_scheduler.1,bfs-prev,48,7.58
cyclic_scheduler.2,bfs-prev,48,11.35
cyclic_scheduler.3,bfs-prev,48,6.5
cyclic_scheduler.4,bfs-prev,48,8.46
driving_phils.1,bfs-prev,48,16.8
driving_phils.2,bfs-prev,48,12.6
elevator.1,bfs-prev,48,15.28
elevator.2,bfs-prev,48,11.63
elevator.3,bfs-prev,48,154.7
elevator.4,bfs-prev,48,145.75
elevator2.1,bfs-prev,48,17.22
elevator2.2,bfs-prev,48,13.37
elevator2.3,bfs-prev,48,114.43
elevator_planning.1,bfs-prev,48,11.89
elevator_planning.2,bfs-prev,48,70.96
elevator_planning.3,bfs-prev,48,11.86
exit.1,bfs-prev,48,22.21
exit.2,bfs-prev,48,11.37
exit.3,bfs-prev,48,64.87
exit.5,bfs-prev,48,27.63
extinction.1,bfs-prev,48,8.49
extinction.2,bfs-prev,48,9.24
extinction.3,bfs-prev,48,86.42
extinction.4,bfs-prev,48,61.68
firewire_link.1,bfs-prev,48,6.04
firewire_link.2,bfs-prev,48,25.25
firewire_link.4,bfs-prev,48,13.66
firewire_link.7,bfs-prev,48,68.6
firewire_tree.1,bfs-prev,48,3.87
firewire_tree.2,bfs-prev,48,14.12
firewire_tree.3,bfs-prev,48,131.37
fischer.1,bfs-prev,48,14.68
fischer.2,bfs-prev,48,15.21
fischer.3,bfs-prev,48,28.97
fischer.4,bfs-prev,48,20.42
fischer.5,bfs-prev,48,117.32
fischer.6,bfs-prev,48,46.31
fischer.7,bfs-prev,48,140.89
frogs.1,bfs-prev,48,21.45
frogs.2,bfs-prev,48,53.7
gear.1,bfs-prev,48,13.88
gear.2,bfs-prev,48,22.97
hanoi.1,bfs-prev,48,51.1
iprotocol.1,bfs-prev,48,12.69
iprotocol.2,bfs-prev,48,13.03
iprotocol.3,bfs-prev,48,51.22
iprotocol.4,bfs-prev,48,134.82
iprotocol.6,bfs-prev,48,448.42
krebs.1,bfs-prev,48,15.7
krebs.2,bfs-prev,48,33.2
krebs.3,bfs-prev,48,87.16
krebs.4,bfs-prev,48,145.07
lamport.1,bfs-prev,48,14.5
lamport.2,bfs-prev,48,18.44
lamport.3,bfs-prev,48,16.14
lamport.5,bfs-prev,48,26.86
lamport.6,bfs-prev,48,199.75
lamport.7,bfs-prev,48,167.76
lamport.8,bfs-prev,48,171.72
lamport_nonatomic.1,bfs-prev,48,11.24
lamport_nonatomic.2,bfs-prev,48,10.86
lamport_nonatomic.3,bfs-prev,48,11.78
lamport_nonatomic.4,bfs-prev,48,17.59
lamport_nonatomic.5,bfs-prev,48,69.58
lann.1,bfs-prev,48,17.5
lann.2,bfs-prev,48,10.89
lann.3,bfs-prev,48,25.06
lann.4,bfs-prev,48,91.55
lann.5,bfs-prev,48,19.72
lann.7,bfs-prev,48,145.3
leader_election.1,bfs-prev,48,11.34
leader_election.2,bfs-prev,48,35.83
leader_election.3,bfs-prev,48,31.55
leader_election.4,bfs-prev,48,61.46
leader_election.5,bfs-prev,48,131.2
leader_election.6,bfs-prev,48,309.71
leader_filters.1,bfs-prev,48,12.47
leader_filters.2,bfs-prev,48,12.14
leader_filters.3,bfs-prev,48,16.76
leader_filters.4,bfs-prev,48,11.99
leader_filters.5,bfs-prev,48,47.85
leader_filters.6,bfs-prev,48,213.74
leader_filters.7,bfs-prev,48,149.6
lifts.1,bfs-prev,48,11.93
lifts.2,bfs-prev,48,11.82
lifts.3,bfs-prev,48,47.14
lifts.4,bfs-prev,48,80.9
lifts.5,bfs-prev,48,123.36
lifts.6,bfs-prev,48,248.49
loyd.1,bfs-prev,48,19.87
lup.1,bfs-prev,48,14.16
lup.2,bfs-prev,48,138.13
lup.3,bfs-prev,48,555.62
mcs.1,bfs-prev,48,13.2
mcs.2,bfs-prev,48,11.32
mcs.3,bfs-prev,48,28.65
mcs.4,bfs-prev,48,10.56
mcs.5,bfs-prev,48,634.02
mcs.6,bfs-prev,48,10.8
msmie.1,bfs-prev,48,12.43
msmie.2,bfs-prev,48,9.92
msmie.3,bfs-prev,48,10.1
msmie.4,bfs-prev,48,30.41
needham.1,bfs-prev,48,10.1
needham.2,bfs-prev,48,10.09
needham.3,bfs-prev,48,12.5
needham.4,bfs-prev,48,29.24
peg_solitaire.1,bfs-prev,48,158.24
peterson.1,bfs-prev,48,16.24
peterson.2,bfs-prev,48,15.11
peterson.3,bfs-prev,48,15.27
peterson.4,bfs-prev,48,31.74
peterson.5,bfs-prev,48,32.6
peterson.6,bfs-prev,48,46.33
peterson.7,bfs-prev,48,209.3
pgm_protocol.1,bfs-prev,48,102.5
pgm_protocol.2,bfs-prev,48,100.75
pgm_protocol.3,bfs-prev,48,499.04
pgm_protocol.4,bfs-prev,48,153.03
pgm_protocol.5,bfs-prev,48,568.21
phils.1,bfs-prev,48,11.61
phils.2,bfs-prev,48,11.95
phils.3,bfs-prev,48,12.42
phils.4,bfs-prev,48,10.28
phils.5,bfs-prev,48,9.24
phils.6,bfs-prev,48,8.34
phils.7,bfs-prev,48,10.63
phils.8,bfs-prev,48,8.22
pouring.1,bfs-prev,48,12.25
pouring.2,bfs-prev,48,13.77
production_cell.1,bfs-prev,48,15.66
production_cell.2,bfs-prev,48,16.69
production_cell.3,bfs-prev,48,74.61
production_cell.4,bfs-prev,48,44.43
production_cell.5,bfs-prev,48,236.13
protocols.1,bfs-prev,48,14.71
protocols.2,bfs-prev,48,14.37
protocols.3,bfs-prev,48,13.83
protocols.4,bfs-prev,48,15.8
protocols.5,bfs-prev,48,14.94
public_subscribe.1,bfs-prev,48,11.89
public_subscribe.2,bfs-prev,48,169.16
public_subscribe.3,bfs-prev,48,165.82
public_subscribe.4,bfs-prev,48,166.34
reader_writer.1,bfs-prev,48,10.31
reader_writer.2,bfs-prev,48,9.09
reader_writer.3,bfs-prev,48,7.6
resistance.1,bfs-prev,48,71.69
resistance.2,bfs-prev,48,107.02
rether.1,bfs-prev,48,14.01
rether.2,bfs-prev,48,20.47
rether.4,bfs-prev,48,1007.47
rushhour.1,bfs-prev,48,15.41
rushhour.2,bfs-prev,48,26.96
schedule_world.1,bfs-prev,48,9.96
schedule_world.2,bfs-prev,48,24.11
schedule_world.3,bfs-prev,48,193.56
sorter.1,bfs-prev,48,14.92
sorter.2,bfs-prev,48,13.51
sorter.3,bfs-prev,48,129.82
sorter.4,bfs-prev,48,406.35
sorter.5,bfs-prev,48,50.35
synapse.1,bfs-prev,48,14.8
synapse.2,bfs-prev,48,14.62
synapse.3,bfs-prev,48,29.48
synapse.4,bfs-prev,48,72.36
synapse.5,bfs-prev,48,28.64
synapse.6,bfs-prev,48,47.04
synapse.7,bfs-prev,48,164.05
szymanski.1,bfs-prev,48,13.62
szymanski.2,bfs-prev,48,14.36
szymanski.3,bfs-prev,48,37.37
szymanski.4,bfs-prev,48,56.98
telephony.1,bfs-prev,48,12.25
telephony.2,bfs-prev,48,13.31
telephony.3,bfs-prev,48,22.62
telephony.4,bfs-prev,48,78.77
telephony.5,bfs-prev,48,1125.28
telephony.7,bfs-prev,48,93.7
adding.1,par-prev,1,20.03
adding.2,par-prev,1,156.33
anderson.1,par-prev,1,28.55
anderson.2,par-prev,1,17.51
anderson.4,par-prev,1,20.31
anderson.6,par-prev,1,218.23
at.1,par-prev,1,19.44
at.2,par-prev,1,20.19
at.3,par-prev,1,59.33
at.4,par-prev,1,98.3
at.5,par-prev,1,230.72
bakery.1,par-prev,1,17.33
bakery.2,par-prev,1,17.09
bakery.3,par-prev,1,22.6
bakery.4,par-prev,1,33.61
blocks.2,par-prev,1,18.55
blocks.3,par-prev,1,136.39
bopdp.1,par-prev,1,14.39
bopdp.2,par-prev,1,18.09
bopdp.3,par-prev,1,27.26
bridge.1,par-prev,1,16.26
bridge.2,par-prev,1,24.37
bridge.3,par-prev,1,51.9
brp.1,par-prev,1,18.97
brp.2,par-prev,1,21.08
brp.3,par-prev,1,48.11
brp.4,par-prev,1,127.24
brp.5,par-prev,1,154.72
brp.6,par-prev,1,239.76
brp2.1,par-prev,1,27.17
brp2.2,par-prev,1,35.33
brp2.3,par-prev,1,26.86
brp2.4,par-prev,1,96.75
brp2.5,par-prev,1,72.87
cambridge.1,par-prev,1,20.17
cambridge.2,par-prev,1,20.5
cambridge.3,par-prev,1,20.85
cambridge.4,par-prev,1,40.78
cambridge.5,par-prev,1,173.75
collision.1,par-prev,1,16.64
collision.2,par-prev,1,17.83
collision.3,par-prev,1,68.18
cyclic_scheduler.1,par-prev,1,7.72
cyclic_scheduler.2,par-prev,1,12.82
cyclic_scheduler.3,par-prev,1,9.81
cyclic_scheduler.4,par-prev,1,9.8
driving_phils.1,par-prev,1,17.43
driving_phils.2,par-prev,1,14.0
elevator.1,par-prev,1,20.47
elevator.2,par-prev,1,14.77
elevator2.1,par-prev,1,16.8
elevator2.2,par-prev,1,15.14
elevator2.3,par-prev,1,108.36
elevator_planning.1,par-prev,1,15.12
elevator_planning.3,par-prev,1,16.66
exit.1,par-prev,1,32.3
exit.2,par-prev,1,11.69
exit.3,par-prev,1,87.31
exit.5,par-prev,1,30.85
extinction.1,par-prev,1,8.93
extinction.2,par-prev,1,10.86
extinction.3,par-prev,1,144.44
extinction.4,par-prev,1,94.32
firewire_link.1,par-prev,1,5.04
firewire_link.2,par-prev,1,27.57
firewire_link.4,par-prev,1,12.67
firewire_link.7,par-prev,1,69.83
firewire_tree.1,par-prev,1,3.3
firewire_tree.2,par-prev,1,13.47
firewire_tree.3,par-prev,1,139.5
fischer.1,par-prev,1,17.5
fischer.2,par-prev,1,18.11
fischer.3,par-prev,1,43.7
fischer.4,par-prev,1,27.71
fischer.5,par-prev,1,169.6
fischer.6,par-prev,1,59.09
fischer.7,par-prev,1,260.79
frogs.1,par-prev,1,21.7
frogs.2,par-prev,1,43.78
gear.1,par-prev,1,16.91
gear.2,par-prev,1,25.27
hanoi.1,par-prev,1,43.68
iprotocol.1,par-prev,1,12.58
iprotocol.2,par-prev,1,15.74
iprotocol.3,par-prev,1,86.09
iprotocol.4,par-prev,1,278.79
krebs.1,par-prev,1,20.8
krebs.2,par-prev,1,47.71
krebs.3,par-prev,1,145.26
krebs.4,par-prev,1,287.42
lamport.1,par-prev,1,19.41
lamport.2,par-prev,1,27.56
lamport.3,par-prev,1,19.68
lamport.5,par-prev,1,53.88
lamport_nonatomic.1,par-prev,1,12.9
lamport_nonatomic.2,par-prev,1,12.42
lamport_nonatomic.3,par-prev,1,13.36
lamport_nonatomic.4,par-prev,1,24.92
lamport_nonatomic.5,par-prev,1,134.74
lann.1,par-prev,1,20.01
lann.2,par-prev,1,14.1
lann.3,par-prev,1,48.39
lann.4,par-prev,1,163.69
lann.5,par-prev,1,36.3
leader_election.1,par-prev,1,14.21
leader_election.2,par-prev,1,46.92
leader_election.3,par-prev,1,41.55
leader_election.4,par-prev,1,96.47
leader_election.5,par-prev,1,216.03
leader_filters.1,par-prev,1,16.99
leader_filters.2,par-prev,1,17.41
leader_filters.3,par-prev,1,27.32
leader_filters.4,par-prev,1,18.19
leader_filters.5,par-prev,1,129.93
lifts.1,par-prev,1,13.44
lifts.2,par-prev,1,13.52
lifts.3,par-prev,1,63.48
lifts.4,par-prev,1,118.94
lifts.5,par-prev,1,187.76
loyd.1,par-prev,1,18.74
loyd.2,par-prev,1,293.54
lup.1,par-prev,1,18.94
lup.2,par-prev,1,135.21
mcs.1,par-prev,1,17.28
mcs.2,par-prev,1,15.92
mcs.3,par-prev,1,65.68
mcs.4,par-prev,1,15.0
mcs.6,par-prev,1,16.11
msmie.1,par-prev,1,14.66
msmie.2,par-prev,1,10.17
msmie.3,par-prev,1,10.43
msmie.4,par-prev,1,40.73
needham.1,par-prev,1,14.81
needham.2,par-prev,1,13.5
needham.3,par-prev,1,16.58
needham.4,par-prev,1,48.0
peg_solitaire.1,par-prev,1,124.19
peterson.1,par-prev,1,17.17
peterson.2,par-prev,1,18.07
peterson.3,par-prev,1,19.16
peterson.4,par-prev,1,51.94
peterson.5,par-prev,1,101.5
peterson.6,par-prev,1,188.82
pgm_protocol.1,par-prev,1,84.23
pgm_protocol.2,par-prev,1,134.27
pgm_protocol.4,par-prev,1,229.69
phils.1,par-prev,1,15.68
phils.2,par-prev,1,16.13
phils.3,par-prev,1,16.17
phils.4,par-prev,1,14.58
phils.5,par-prev,1,12.25
phils.6,par-prev,1,11.03
phils.7,par-prev,1,17.74
phils.8,par-prev,1,10.94
pouring.1,par-prev,1,19.41
pouring.2,par-prev,1,23.5
production_cell.1,par-prev,1,18.67
production_cell.2,par-prev,1,17.83
production_cell.3,par-prev,1,113.31
production_cell.4,par-prev,1,66.36
protocols.1,par-prev,1,16.67
protocols.2,par-prev,1,16.87
protocols.3,par-prev,1,15.11
protocols.4,par-prev,1,17.26
protocols.5,par-prev,1,18.33
public_subscribe.1,par-prev,1,14.91
reader_writer.1,par-prev,1,14.27
reader_writer.2,par-prev,1,12.3
reader_writer.3,par-prev,1,9.69
resistance.1,par-prev,1,53.42
resistance.2,par-prev,1,84.75
rether.1,par-prev,1,14.91
rether.2,par-prev,1,24.04
rushhour.1,par-prev,1,16.3
rushhour.2,par-prev,1,29.77
schedule_world.1,par-prev,1,14.32
schedule_world.2,par-prev,1,48.54
sorter.1,par-prev,1,16.65
sorter.2,par-prev,1,14.99
sorter.3,par-prev,1,213.72
sorter.5,par-prev,1,81.5
synapse.1,par-prev,1,21.48
synapse.2,par-prev,1,22.81
synapse.3,par-prev,1,50.18
synapse.4,par-prev,1,155.79
synapse.5,par-prev,1,30.48
synapse.6,par-prev,1,69.87
synapse.7,par-prev,1,273.92
szymanski.1,par-prev,1,18.07
szymanski.2,par-prev,1,19.12
szymanski.3,par-prev,1,67.83
szymanski.4,par-prev,1,108.93
telephony.1,par-prev,1,15.84
telephony.2,par-prev,1,19.4
telephony.3,par-prev,1,42.44
telephony.4,par-prev,1,162.42
adding.1,bfs-prev,1,20.1
adding.2,bfs-prev,1,156.35
anderson.1,bfs-prev,1,28.64
anderson.2,bfs-prev,1,17.46
anderson.4,bfs-prev,1,20.3
anderson.6,bfs-prev,1,218.07
at.1,bfs-prev,1,19.34
at.2,bfs-prev,1,20.02
at.3,bfs-prev,1,59.38
at.4,bfs-prev,1,98.26
at.5,bfs-prev,1,230.83
bakery.1,bfs-prev,1,17.31
bakery.2,bfs-prev,1,17.07
bakery.3,bfs-prev,1,22.56
bakery.4,bfs-prev,1,33.57
blocks.2,bfs-prev,1,18.54
blocks.3,bfs-prev,1,136.66
bopdp.1,bfs-prev,1,14.34
bopdp.2,bfs-prev,1,18.11
bopdp.3,bfs-prev,1,27.39
bridge.1,bfs-prev,1,16.21
bridge.2,bfs-prev,1,24.28
bridge.3,bfs-prev,1,52.01
brp.1,bfs-prev,1,18.93
brp.2,bfs-prev,1,21.13
brp.3,bfs-prev,1,48.21
brp.4,bfs-prev,1,127.57
brp.5,bfs-prev,1,154.86
brp.6,bfs-prev,1,239.43
brp2.1,bfs-prev,1,27.37
brp2.2,bfs-prev,1,35.37
brp2.3,bfs-prev,1,26.81
brp2.4,bfs-prev,1,96.82
brp2.5,bfs-prev,1,72.99
cambridge.1,bfs-prev,1,20.31
cambridge.2,bfs-prev,1,20.47
cambridge.3,bfs-prev,1,20.84
cambridge.4,bfs-prev,1,40.69
cambridge.5,bfs-prev,1,173.85
collision.1,bfs-prev,1,16.69
collision.2,bfs-prev,1,17.81
collision.3,bfs-prev,1,68.15
cyclic_scheduler.1,bfs-prev,1,7.68
cyclic_scheduler.2,bfs-prev,1,12.82
cyclic_scheduler.3,bfs-prev,1,9.47
cyclic_scheduler.4,bfs-prev,1,9.76
driving_phils.1,bfs-prev,1,17.2
driving_phils.2,bfs-prev,1,13.9
elevator.1,bfs-prev,1,20.52
elevator.2,bfs-prev,1,14.85
elevator2.1,bfs-prev,1,16.83
elevator2.2,bfs-prev,1,15.16
elevator2.3,bfs-prev,1,108.59
elevator_planning.1,bfs-prev,1,15.14
elevator_planning.3,bfs-prev,1,16.66
exit.1,bfs-prev,1,31.98
exit.2,bfs-prev,1,11.68
exit.3,bfs-prev,1,87.35
exit.5,bfs-prev,1,30.88
extinction.1,bfs-prev,1,8.94
extinction.2,bfs-prev,1,10.83
extinction.3,bfs-prev,1,145.05
extinction.4,bfs-prev,1,94.26
firewire_link.1,bfs-prev,1,5.03
firewire_link.2,bfs-prev,1,27.6
firewire_link.4,bfs-prev,1,12.62
firewire_link.7,bfs-prev,1,69.78
firewire_tree.1,bfs-prev,1,3.29
firewire_tree.2,bfs-prev,1,13.47
firewire_tree.3,bfs-prev,1,139.52
fischer.1,bfs-prev,1,17.52
fischer.2,bfs-prev,1,18.17
fischer.3,bfs-prev,1,43.66
fischer.4,bfs-prev,1,27.61
fischer.5,bfs-prev,1,169.29
fischer.6,bfs-prev,1,59.0
fischer.7,bfs-prev,1,259.88
frogs.1,bfs-prev,1,21.98
frogs.2,bfs-prev,1,43.7
gear.1,bfs-prev,1,16.96
gear.2,bfs-prev,1,25.3
hanoi.1,bfs-prev,1,43.67
iprotocol.1,bfs-prev,1,12.65
iprotocol.2,bfs-prev,1,15.73
iprotocol.3,bfs-prev,1,86.13
iprotocol.4,bfs-prev,1,278.48
krebs.1,bfs-prev,1,20.74
krebs.2,bfs-prev,1,47.65
krebs.3,bfs-prev,1,145.22
krebs.4,bfs-prev,1,286.9
lamport.1,bfs-prev,1,19.27
lamport.2,bfs-prev,1,27.44
lamport.3,bfs-prev,1,19.81
lamport.5,bfs-prev,1,53.85
lamport_nonatomic.1,bfs-prev,1,12.88
lamport_nonatomic.2,bfs-prev,1,12.4
lamport_nonatomic.3,bfs-prev,1,13.43
lamport_nonatomic.4,bfs-prev,1,24.98
lamport_nonatomic.5,bfs-prev,1,134.8
lann.1,bfs-prev,1,20.09
lann.2,bfs-prev,1,14.14
lann.3,bfs-prev,1,48.33
lann.4,bfs-prev,1,164.04
lann.5,bfs-prev,1,36.12
leader_election.1,bfs-prev,1,14.16
leader_election.2,bfs-prev,1,46.94
leader_election.3,bfs-prev,1,41.56
leader_election.4,bfs-prev,1,96.46
leader_election.5,bfs-prev,1,216.36
leader_filters.1,bfs-prev,1,16.94
leader_filters.2,bfs-prev,1,17.34
leader_filters.3,bfs-prev,1,27.32
leader_filters.4,bfs-prev,1,18.32
leader_filters.5,bfs-prev,1,129.4
lifts.1,bfs-prev,1,13.48
lifts.2,bfs-prev,1,13.5
lifts.3,bfs-prev,1,63.44
lifts.4,bfs-prev,1,119.44
lifts.5,bfs-prev,1,187.92
loyd.1,bfs-prev,1,18.71
loyd.2,bfs-prev,1,293.29
lup.1,bfs-prev,1,18.89
lup.2,bfs-prev,1,134.4
mcs.1,bfs-prev,1,17.26
mcs.2,bfs-prev,1,15.9
mcs.3,bfs-prev,1,65.74
mcs.4,bfs-prev,1,14.95
mcs.6,bfs-prev,1,16.05
msmie.1,bfs-prev,1,14.56
msmie.2,bfs-prev,1,10.21
msmie.3,bfs-prev,1,10.46
msmie.4,bfs-prev,1,40.83
needham.1,bfs-prev,1,14.77
needham.2,bfs-prev,1,13.5
needham.3,bfs-prev,1,16.54
needham.4,bfs-prev,1,48.08
peg_solitaire.1,bfs-prev,1,124.15
peterson.1,bfs-prev,1,17.17
peterson.2,bfs-prev,1,18.1
peterson.3,bfs-prev,1,19.17
peterson.4,bfs-prev,1,51.76
peterson.5,bfs-prev,1,101.51
peterson.6,bfs-prev,1,188.77
pgm_protocol.1,bfs-prev,1,84.33
pgm_protocol.2,bfs-prev,1,134.13
pgm_protocol.4,bfs-prev,1,229.42
phils.1,bfs-prev,1,15.67
phils.2,bfs-prev,1,16.16
phils.3,bfs-prev,1,16.12
phils.4,bfs-prev,1,14.57
phils.5,bfs-prev,1,12.22
phils.6,bfs-prev,1,11.04
phils.7,bfs-prev,1,17.77
phils.8,bfs-prev,1,10.93
pouring.1,bfs-prev,1,19.34
pouring.2,bfs-prev,1,23.45
production_cell.1,bfs-prev,1,18.72
production_cell.2,bfs-prev,1,17.88
production_cell.3,bfs-prev,1,112.91
production_cell.4,bfs-prev,1,66.27
protocols.1,bfs-prev,1,16.64
protocols.2,bfs-prev,1,16.85
protocols.3,bfs-prev,1,15.19
protocols.4,bfs-prev,1,17.29
protocols.5,bfs-prev,1,18.31
public_subscribe.1,bfs-prev,1,14.89
reader_writer.1,bfs-prev,1,14.23
reader_writer.2,bfs-prev,1,12.36
reader_writer.3,bfs-prev,1,9.66
resistance.1,bfs-prev,1,52.78
resistance.2,bfs-prev,1,84.99
rether.1,bfs-prev,1,14.86
rether.2,bfs-prev,1,23.94
rushhour.1,bfs-prev,1,16.35
rushhour.2,bfs-prev,1,29.8
schedule_world.1,bfs-prev,1,14.34
schedule_world.2,bfs-prev,1,48.56
sorter.1,bfs-prev,1,16.63
sorter.2,bfs-prev,1,14.97
sorter.3,bfs-prev,1,213.77
sorter.5,bfs-prev,1,81.71
synapse.1,bfs-prev,1,21.43
synapse.2,bfs-prev,1,22.68
synapse.3,bfs-prev,1,50.15
synapse.4,bfs-prev,1,155.55
synapse.5,bfs-prev,1,30.47
synapse.6,bfs-prev,1,69.81
synapse.7,bfs-prev,1,274.4
szymanski.1,bfs-prev,1,18.0
szymanski.2,bfs-prev,1,19.44
szymanski.3,bfs-prev,1,67.76
szymanski.4,bfs-prev,1,109.29
telephony.1,bfs-prev,1,15.75
telephony.2,bfs-prev,1,19.38
telephony.3,bfs-prev,1,42.46
telephony.4,bfs-prev,1,162.23
adding.1,par-prev,48,4.86
adding.2,par-prev,48,36.54
adding.3,par-prev,48,60.47
adding.4,par-prev,48,84.74
adding.5,par-prev,48,139.7
adding.6,par-prev,48,197.88
anderson.1,par-prev,48,6.79
anderson.2,par-prev,48,2.85
anderson.3,par-prev,48,61.88
anderson.4,par-prev,48,2.95
anderson.6,par-prev,48,14.18
anderson.8,par-prev,48,58.27
at.1,par-prev,48,3.05
at.2,par-prev,48,2.79
at.3,par-prev,48,4.55
at.4,par-prev,48,5.58
at.5,par-prev,48,12.0
at.6,par-prev,48,32.28
at.7,par-prev,48,47.6
bakery.1,par-prev,48,3.95
bakery.2,par-prev,48,3.49
bakery.3,par-prev,48,3.89
bakery.4,par-prev,48,5.54
bakery.5,par-prev,48,58.42
bakery.6,par-prev,48,39.88
bakery.7,par-prev,48,187.0
blocks.2,par-prev,48,4.17
blocks.3,par-prev,48,47.43
bopdp.1,par-prev,48,1.67
bopdp.2,par-prev,48,2.27
bopdp.3,par-prev,48,2.43
bridge.1,par-prev,48,1.92
bridge.2,par-prev,48,2.86
bridge.3,par-prev,48,6.32
brp.1,par-prev,48,2.86
brp.2,par-prev,48,2.66
brp.3,par-prev,48,4.94
brp.4,par-prev,48,11.44
brp.5,par-prev,48,13.31
brp.6,par-prev,48,19.91
brp2.1,par-prev,48,6.09
brp2.2,par-prev,48,7.23
brp2.3,par-prev,48,6.12
brp2.4,par-prev,48,44.68
brp2.5,par-prev,48,18.31
brp2.6,par-prev,48,221.91
cambridge.1,par-prev,48,3.62
cambridge.2,par-prev,48,3.8
cambridge.3,par-prev,48,4.26
cambridge.4,par-prev,48,10.73
cambridge.5,par-prev,48,69.32
collision.1,par-prev,48,2.78
collision.2,par-prev,48,3.08
collision.3,par-prev,48,5.85
collision.4,par-prev,48,101.82
cyclic_scheduler.1,par-prev,48,0.9
cyclic_scheduler.2,par-prev,48,1.98
cyclic_scheduler.3,par-prev,48,0.78
cyclic_scheduler.4,par-prev,48,1.01
driving_phils.1,par-prev,48,2.65
driving_phils.2,par-prev,48,1.93
elevator.1,par-prev,48,1.83
elevator.2,par-prev,48,1.69
elevator.3,par-prev,48,10.61
elevator.4,par-prev,48,11.6
elevator2.1,par-prev,48,4.69
elevator2.2,par-prev,48,2.86
elevator2.3,par-prev,48,107.81
elevator_planning.1,par-prev,48,3.83
elevator_planning.2,par-prev,48,20.62
elevator_planning.3,par-prev,48,4.15
exit.1,par-prev,48,3.81
exit.2,par-prev,48,1.61
exit.3,par-prev,48,5.92
exit.5,par-prev,48,2.19
extinction.1,par-prev,48,1.05
extinction.2,par-prev,48,1.56
extinction.3,par-prev,48,5.44
extinction.4,par-prev,48,4.56
firewire_link.1,par-prev,48,0.71
firewire_link.2,par-prev,48,2.38
firewire_link.3,par-prev,48,109.79
firewire_link.4,par-prev,48,1.5
firewire_link.5,par-prev,48,32.4
firewire_link.7,par-prev,48,4.5
firewire_tree.1,par-prev,48,0.78
firewire_tree.2,par-prev,48,1.33
firewire_tree.3,par-prev,48,7.41
firewire_tree.4,par-prev,48,13.02
fischer.1,par-prev,48,4.42
fischer.2,par-prev,48,3.97
fischer.3,par-prev,48,5.77
fischer.4,par-prev,48,9.06
fischer.5,par-prev,48,37.49
fischer.6,par-prev,48,31.49
fischer.7,par-prev,48,38.61
frogs.1,par-prev,48,14.82
frogs.2,par-prev,48,41.95
gear.1,par-prev,48,2.34
gear.2,par-prev,48,4.14
hanoi.1,par-prev,48,40.09
iprotocol.1,par-prev,48,1.96
iprotocol.2,par-prev,48,2.33
iprotocol.3,par-prev,48,7.48
iprotocol.4,par-prev,48,20.99
iprotocol.5,par-prev,48,140.85
iprotocol.6,par-prev,48,79.56
krebs.1,par-prev,48,5.97
krebs.2,par-prev,48,16.16
krebs.3,par-prev,48,51.36
krebs.4,par-prev,48,70.21
lamport.1,par-prev,48,2.37
lamport.2,par-prev,48,2.8
lamport.3,par-prev,48,2.44
lamport.5,par-prev,48,3.75
lamport.6,par-prev,48,27.2
lamport.7,par-prev,48,21.52
lamport.8,par-prev,48,25.2
lamport_nonatomic.1,par-prev,48,1.2
lamport_nonatomic.2,par-prev,48,1.17
lamport_nonatomic.3,par-prev,48,1.24
lamport_nonatomic.4,par-prev,48,1.47
lamport_nonatomic.5,par-prev,48,5.37
lann.1,par-prev,48,2.95
lann.2,par-prev,48,1.78
lann.3,par-prev,48,3.92
lann.4,par-prev,48,6.65
lann.5,par-prev,48,2.17
lann.6,par-prev,48,123.75
lann.7,par-prev,48,17.65
leader_election.1,par-prev,48,1.52
leader_election.2,par-prev,48,5.59
leader_election.3,par-prev,48,3.9
leader_election.4,par-prev,48,6.14
leader_election.5,par-prev,48,11.95
leader_election.6,par-prev,48,26.06
leader_filters.1,par-prev,48,2.97
leader_filters.2,par-prev,48,3.39
leader_filters.3,par-prev,48,3.72
leader_filters.4,par-prev,48,2.57
leader_filters.5,par-prev,48,10.67
leader_filters.6,par-prev,48,54.68
leader_filters.7,par-prev,48,30.4
lifts.1,par-prev,48,1.4
lifts.2,par-prev,48,1.43
lifts.3,par-prev,48,4.1
lifts.4,par-prev,48,5.89
lifts.5,par-prev,48,8.55
lifts.6,par-prev,48,16.79
lifts.7,par-prev,48,53.99
lifts.8,par-prev,48,142.42
loyd.1,par-prev,48,10.61
loyd.2,par-prev,48,265.37
lup.1,par-prev,48,6.28
lup.2,par-prev,48,137.92
mcs.1,par-prev,48,2.64
mcs.2,par-prev,48,2.49
mcs.3,par-prev,48,4.28
mcs.4,par-prev,48,2.08
mcs.6,par-prev,48,1.99
msmie.1,par-prev,48,1.71
msmie.2,par-prev,48,1.32
msmie.3,par-prev,48,1.12
msmie.4,par-prev,48,2.73
needham.1,par-prev,48,2.07
needham.2,par-prev,48,1.33
needham.3,par-prev,48,1.54
needham.4,par-prev,48,2.11
peg_solitaire.1,par-prev,48,141.05
peterson.1,par-prev,48,3.48
peterson.2,par-prev,48,3.48
peterson.3,par-prev,48,3.83
peterson.4,par-prev,48,7.26
peterson.5,par-prev,48,10.59
peterson.6,par-prev,48,14.99
peterson.7,par-prev,48,74.39
pgm_protocol.1,par-prev,48,10.15
pgm_protocol.2,par-prev,48,14.22
pgm_protocol.3,par-prev,48,48.71
pgm_protocol.4,par-prev,48,19.87
pgm_protocol.5,par-prev,48,55.12
pgm_protocol.6,par-prev,48,79.59
pgm_protocol.7,par-prev,48,32.83
pgm_protocol.8,par-prev,48,195.99
phils.1,par-prev,48,3.14
phils.2,par-prev,48,2.42
phils.3,par-prev,48,2.83
phils.4,par-prev,48,1.58
phils.5,par-prev,48,1.72
phils.6,par-prev,48,1.51
phils.7,par-prev,48,1.57
phils.8,par-prev,48,1.21
pouring.1,par-prev,48,3.05
pouring.2,par-prev,48,2.49
production_cell.1,par-prev,48,1.95
production_cell.2,par-prev,48,2.11
production_cell.3,par-prev,48,4.9
production_cell.4,par-prev,48,3.69
production_cell.5,par-prev,48,14.09
production_cell.6,par-prev,48,40.13
protocols.1,par-prev,48,4.58
protocols.2,par-prev,48,4.27
protocols.3,par-prev,48,3.03
protocols.4,par-prev,48,3.66
protocols.5,par-prev,48,4.13
public_subscribe.1,par-prev,48,2.02
public_subscribe.2,par-prev,48,13.1
public_subscribe.3,par-prev,48,13.56
public_subscribe.4,par-prev,48,12.75
reader_writer.1,par-prev,48,2.36
reader_writer.2,par-prev,48,1.63
reader_writer.3,par-prev,48,1.27
resistance.1,par-prev,48,61.33
resistance.2,par-prev,48,75.22
rether.1,par-prev,48,2.04
rether.2,par-prev,48,2.33
rether.3,par-prev,48,23.9
rether.4,par-prev,48,80.42
rether.5,par-prev,48,177.67
rushhour.1,par-prev,48,15.04
rushhour.2,par-prev,48,23.07
schedule_world.1,par-prev,48,2.27
schedule_world.2,par-prev,48,2.87
schedule_world.3,par-prev,48,27.81
sorter.1,par-prev,48,2.37
sorter.2,par-prev,48,2.21
sorter.3,par-prev,48,11.31
sorter.4,par-prev,48,45.46
sorter.5,par-prev,48,6.72
synapse.1,par-prev,48,2.1
synapse.2,par-prev,48,2.05
synapse.3,par-prev,48,3.57
synapse.4,par-prev,48,8.38
synapse.5,par-prev,48,2.29
synapse.6,par-prev,48,4.2
synapse.7,par-prev,48,15.47
szymanski.1,par-prev,48,2.63
szymanski.2,par-prev,48,2.67
szymanski.3,par-prev,48,6.81
szymanski.4,par-prev,48,10.9
szymanski.5,par-prev,48,60.75
telephony.1,par-prev,48,1.88
telephony.2,par-prev,48,2.61
telephony.3,par-prev,48,3.67
telephony.4,par-prev,48,20.23
telephony.7,par-prev,48,27.35
adding.1,bfs-prev,48,14.33
adding.2,bfs-prev,48,51.52
adding.3,bfs-prev,48,89.12
adding.4,bfs-prev,48,129.99
adding.5,bfs-prev,48,190.42
adding.6,bfs-prev,48,273.56
anderson.1,bfs-prev,48,30.67
anderson.2,bfs-prev,48,13.0
anderson.3,bfs-prev,48,229.27
anderson.4,bfs-prev,48,14.34
anderson.6,bfs-prev,48,101.07
at.1,bfs-prev,48,13.6
at.2,bfs-prev,48,15.09
at.3,bfs-prev,48,31.52
at.4,bfs-prev,48,43.0
at.5,bfs-prev,48,90.29
at.6,bfs-prev,48,282.78
bakery.1,bfs-prev,48,17.54
bakery.2,bfs-prev,48,16.42
bakery.3,bfs-prev,48,18.71
bakery.4,bfs-prev,48,24.42
bakery.5,bfs-prev,48,201.79
bakery.6,bfs-prev,48,134.2
blocks.2,bfs-prev,48,16.24
blocks.3,bfs-prev,48,101.37
bopdp.1,bfs-prev,48,11.99
bopdp.2,bfs-prev,48,18.33
bopdp.3,bfs-prev,48,22.13
bridge.1,bfs-prev,48,11.46
bridge.2,bfs-prev,48,15.78
bridge.3,bfs-prev,48,41.49
brp.1,bfs-prev,48,14.65
brp.2,bfs-prev,48,15.9
brp.3,bfs-prev,48,29.13
brp.4,bfs-prev,48,60.88
brp.5,bfs-prev,48,73.45
brp.6,bfs-prev,48,98.43
brp2.1,bfs-prev,48,21.02
brp2.2,bfs-prev,48,25.5
brp2.3,bfs-prev,48,20.24
brp2.4,bfs-prev,48,75.44
brp2.5,bfs-prev,48,49.74
cambridge.1,bfs-prev,48,13.09
cambridge.2,bfs-prev,48,13.15
cambridge.3,bfs-prev,48,13.0
cambridge.4,bfs-prev,48,19.38
cambridge.5,bfs-prev,48,85.22
collision.1,bfs-prev,48,12.85
collision.2,bfs-prev,48,13.64
collision.3,bfs-prev,48,36.04
cyclic_scheduler.1,bfs-prev,48,7.57
cyclic_scheduler.2,bfs-prev,48,12.02
cyclic_scheduler.3,bfs-prev,48,6.7
cyclic_scheduler.4,bfs-prev,48,8.44
driving_phils.1,bfs-prev,48,16.79
driving_phils.2,bfs-prev,48,12.65
elevator.1,bfs-prev,48,15.35
elevator.2,bfs-prev,48,11.59
elevator.3,bfs-prev,48,155.5
elevator.4,bfs-prev,48,146.26
elevator2.1,bfs-prev,48,16.42
elevator2.2,bfs-prev,48,13.15
elevator2.3,bfs-prev,48,116.75
elevator_planning.1,bfs-prev,48,11.34
elevator_planning.2,bfs-prev,48,72.11
elevator_planning.3,bfs-prev,48,11.59
exit.1,bfs-prev,48,22.5
exit.2,bfs-prev,48,11.23
exit.3,bfs-prev,48,64.3
exit.5,bfs-prev,48,26.16
extinction.1,bfs-prev,48,8.29
extinction.2,bfs-prev,48,9.23
extinction.3,bfs-prev,48,87.08
extinction.4,bfs-prev,48,61.41
firewire_link.1,bfs-prev,48,7.7
firewire_link.2,bfs-prev,48,24.91
firewire_link.4,bfs-prev,48,13.88
firewire_link.7,bfs-prev,48,64.42
firewire_tree.1,bfs-prev,48,3.74
firewire_tree.2,bfs-prev,48,14.16
firewire_tree.3,bfs-prev,48,130.85
fischer.1,bfs-prev,48,13.43
fischer.2,bfs-prev,48,14.93
fischer.3,bfs-prev,48,28.32
fischer.4,bfs-prev,48,24.15
fischer.5,bfs-prev,48,94.46
fischer.6,bfs-prev,48,46.84
fischer.7,bfs-prev,48,142.26
frogs.1,bfs-prev,48,21.65
frogs.2,bfs-prev,48,40.69
gear.1,bfs-prev,48,13.87
gear.2,bfs-prev,48,22.98
hanoi.1,bfs-prev,48,40.02
iprotocol.1,bfs-prev,48,13.07
iprotocol.2,bfs-prev,48,13.17
iprotocol.3,bfs-prev,48,51.2
iprotocol.4,bfs-prev,48,131.7
krebs.1,bfs-prev,48,16.8
krebs.2,bfs-prev,48,31.98
krebs.3,bfs-prev,48,85.49
krebs.4,bfs-prev,48,146.17
lamport.1,bfs-prev,48,14.53
lamport.2,bfs-prev,48,18.39
lamport.3,bfs-prev,48,14.88
lamport.5,bfs-prev,48,27.03
lamport.6,bfs-prev,48,223.34
lamport.7,bfs-prev,48,173.11
lamport.8,bfs-prev,48,174.49
lamport_nonatomic.1,bfs-prev,48,11.34
lamport_nonatomic.2,bfs-prev,48,10.91
lamport_nonatomic.3,bfs-prev,48,11.61
lamport_nonatomic.4,bfs-prev,48,17.64
lamport_nonatomic.5,bfs-prev,48,68.63
lann.1,bfs-prev,48,17.37
lann.2,bfs-prev,48,10.86
lann.3,bfs-prev,48,24.89
lann.4,bfs-prev,48,91.82
lann.5,bfs-prev,48,19.76
lann.7,bfs-prev,48,147.2
leader_election.1,bfs-prev,48,11.5
leader_election.2,bfs-prev,48,36.84
leader_election.3,bfs-prev,48,31.57
leader_election.4,bfs-prev,48,60.82
leader_election.5,bfs-prev,48,132.0
leader_filters.1,bfs-prev,48,12.67
leader_filters.2,bfs-prev,48,12.2
leader_filters.3,bfs-prev,48,16.28
leader_filters.4,bfs-prev,48,11.81
leader_filters.5,bfs-prev,48,50.1
leader_filters.6,bfs-prev,48,209.9
leader_filters.7,bfs-prev,48,148.61
lifts.1,bfs-prev,48,11.86
lifts.2,bfs-prev,48,11.83
lifts.3,bfs-prev,48,47.38
lifts.4,bfs-prev,48,80.34
lifts.5,bfs-prev,48,120.42
lifts.6,bfs-prev,48,248.02
loyd.1,bfs-prev,48,13.15
lup.1,bfs-prev,48,14.09
lup.2,bfs-prev,48,136.58
mcs.1,bfs-prev,48,13.38
mcs.2,bfs-prev,48,12.16
mcs.3,bfs-prev,48,37.75
mcs.4,bfs-prev,48,10.8
mcs.6,bfs-prev,48,10.83
msmie.1,bfs-prev,48,12.53
msmie.2,bfs-prev,48,9.68
msmie.3,bfs-prev,48,10.01
msmie.4,bfs-prev,48,30.07
needham.1,bfs-prev,48,10.13
needham.2,bfs-prev,48,10.22
needham.3,bfs-prev,48,12.56
needham.4,bfs-prev,48,29.33
peg_solitaire.1,bfs-prev,48,129.23
peterson.1,bfs-prev,48,15.07
peterson.2,bfs-prev,48,15.29
peterson.3,bfs-prev,48,14.65
peterson.4,bfs-prev,48,25.94
peterson.5,bfs-prev,48,32.54
peterson.6,bfs-prev,48,48.34
peterson.7,bfs-prev,48,263.14
pgm_protocol.1,bfs-prev,48,69.04
pgm_protocol.2,bfs-prev,48,104.85
pgm_protocol.4,bfs-prev,48,218.05
phils.1,bfs-prev,48,13.39
phils.2,bfs-prev,48,12.4
phils.3,bfs-prev,48,12.08
phils.4,bfs-prev,48,10.19
phils.5,bfs-prev,48,9.09
phils.6,bfs-prev,48,10.14
phils.7,bfs-prev,48,10.66
phils.8,bfs-prev,48,8.2
pouring.1,bfs-prev,48,12.19
pouring.2,bfs-prev,48,13.8
production_cell.1,bfs-prev,48,15.78
production_cell.2,bfs-prev,48,16.15
production_cell.3,bfs-prev,48,73.74
production_cell.4,bfs-prev,48,45.12
production_cell.5,bfs-prev,48,235.66
protocols.1,bfs-prev,48,14.75
protocols.2,bfs-prev,48,13.73
protocols.3,bfs-prev,48,13.73
protocols.4,bfs-prev,48,14.73
protocols.5,bfs-prev,48,15.41
public_subscribe.1,bfs-prev,48,11.94
public_subscribe.2,bfs-prev,48,167.32
public_subscribe.3,bfs-prev,48,169.05
public_subscribe.4,bfs-prev,48,169.04
reader_writer.1,bfs-prev,48,10.2
reader_writer.2,bfs-prev,48,8.76
reader_writer.3,bfs-prev,48,7.57
resistance.1,bfs-prev,48,74.54
resistance.2,bfs-prev,48,112.17
rether.1,bfs-prev,48,14.14
rether.2,bfs-prev,48,20.54
rushhour.1,bfs-prev,48,15.58
rushhour.2,bfs-prev,48,35.46
schedule_world.1,bfs-prev,48,9.93
schedule_world.2,bfs-prev,48,24.01
schedule_world.3,bfs-prev,48,193.38
sorter.1,bfs-prev,48,14.89
sorter.2,bfs-prev,48,13.41
sorter.3,bfs-prev,48,133.57
sorter.5,bfs-prev,48,50.59
synapse.1,bfs-prev,48,14.82
synapse.2,bfs-prev,48,14.62
synapse.3,bfs-prev,48,33.02
synapse.4,bfs-prev,48,72.96
synapse.5,bfs-prev,48,23.57
synapse.6,bfs-prev,48,46.28
synapse.7,bfs-prev,48,164.28
szymanski.1,bfs-prev,48,13.64
szymanski.2,bfs-prev,48,14.28
szymanski.3,bfs-prev,48,37.39
szymanski.4,bfs-prev,48,55.41
telephony.1,bfs-prev,48,12.16
telephony.2,bfs-prev,48,13.41
telephony.3,bfs-prev,48,22.52
telephony.4,bfs-prev,48,61.85
telephony.7,bfs-prev,48,92.97
adding.1,par-prev,1,20.14
adding.2,par-prev,1,156.39
anderson.1,par-prev,1,28.52
anderson.2,par-prev,1,17.56
anderson.4,par-prev,1,20.48
anderson.6,par-prev,1,218.27
at.1,par-prev,1,19.36
at.2,par-prev,1,20.1
at.3,par-prev,1,59.33
at.4,par-prev,1,98.14
at.5,par-prev,1,230.99
bakery.1,par-prev,1,17.4
bakery.2,par-prev,1,17.14
bakery.3,par-prev,1,22.62
bakery.4,par-prev,1,33.67
blocks.2,par-prev,1,18.47
blocks.3,par-prev,1,136.51
bopdp.1,par-prev,1,14.36
bopdp.2,par-prev,1,18.14
bopdp.3,par-prev,1,27.33
bridge.1,par-prev,1,16.23
bridge.2,par-prev,1,24.41
bridge.3,par-prev,1,51.98
brp.1,par-prev,1,18.91
brp.2,par-prev,1,21.05
brp.3,par-prev,1,48.17
brp.4,par-prev,1,127.61
brp.5,par-prev,1,154.45
brp.6,par-prev,1,239.59
brp2.1,par-prev,1,27.25
brp2.2,par-prev,1,35.31
brp2.3,par-prev,1,26.84
brp2.4,par-prev,1,96.86
brp2.5,par-prev,1,73.05
cambridge.1,par-prev,1,20.24
cambridge.2,par-prev,1,20.49
cambridge.3,par-prev,1,20.83
cambridge.4,par-prev,1,40.75
cambridge.5,par-prev,1,173.78
collision.1,par-prev,1,16.66
collision.2,par-prev,1,17.75
collision.3,par-prev,1,68.12
cyclic_scheduler.1,par-prev,1,7.72
cyclic_scheduler.2,par-prev,1,12.81
cyclic_scheduler.3,par-prev,1,9.76
cyclic_scheduler.4,par-prev,1,9.78
driving_phils.1,par-prev,1,17.33
driving_phils.2,par-prev,1,14.0
elevator.1,par-prev,1,20.47
elevator.2,par-prev,1,14.83
elevator2.1,par-prev,1,16.7
elevator2.2,par-prev,1,15.15
elevator2.3,par-prev,1,108.5
elevator_planning.1,par-prev,1,15.09
elevator_planning.3,par-prev,1,16.61
exit.1,par-prev,1,32.34
exit.2,par-prev,1,11.69
exit.3,par-prev,1,87.22
exit.5,par-prev,1,30.89
extinction.1,par-prev,1,8.93
extinction.2,par-prev,1,10.86
extinction.3,par-prev,1,144.94
extinction.4,par-prev,1,94.31
firewire_link.1,par-prev,1,5.07
firewire_link.2,par-prev,1,27.56
firewire_link.4,par-prev,1,12.65
firewire_link.7,par-prev,1,69.9
firewire_tree.1,par-prev,1,3.29
firewire_tree.2,par-prev,1,13.47
firewire_tree.3,par-prev,1,139.61
fischer.1,par-prev,1,17.54
fischer.2,par-prev,1,18.19
fischer.3,par-prev,1,43.84
fischer.4,par-prev,1,27.71
fischer.5,par-prev,1,169.61
fischer.6,par-prev,1,59.3
fischer.7,par-prev,1,260.46
frogs.1,par-prev,1,21.79
frogs.2,par-prev,1,43.63
gear.1,par-prev,1,16.92
gear.2,par-prev,1,25.27
hanoi.1,par-prev,1,43.71
iprotocol.1,par-prev,1,12.55
iprotocol.2,par-prev,1,15.68
iprotocol.3,par-prev,1,86.16
iprotocol.4,par-prev,1,278.49
krebs.1,par-prev,1,20.73
krebs.2,par-prev,1,47.45
krebs.3,par-prev,1,145.36
krebs.4,par-prev,1,287.0
lamport.1,par-prev,1,19.35
lamport.2,par-prev,1,27.51
lamport.3,par-prev,1,19.73
lamport.5,par-prev,1,53.96
lamport_nonatomic.1,par-prev,1,12.9
lamport_nonatomic.2,par-prev,1,12.35
lamport_nonatomic.3,par-prev,1,13.4
lamport_nonatomic.4,par-prev,1,24.94
lamport_nonatomic.5,par-prev,1,134.62
lann.1,par-prev,1,20.07
lann.2,par-prev,1,14.14
lann.3,par-prev,1,48.41
lann.4,par-prev,1,163.72
lann.5,par-prev,1,36.16
leader_election.1,par-prev,1,14.15
leader_election.2,par-prev,1,46.94
leader_election.3,par-prev,1,41.55
leader_election.4,par-prev,1,96.35
leader_election.5,par-prev,1,216.19
leader_filters.1,par-prev,1,16.98
leader_filters.2,par-prev,1,17.38
leader_filters.3,par-prev,1,27.28
leader_filters.4,par-prev,1,18.26
leader_filters.5,par-prev,1,129.5
lifts.1,par-prev,1,13.49
lifts.2,par-prev,1,13.48
lifts.3,par-prev,1,63.46
lifts.4,par-prev,1,119.03
lifts.5,par-prev,1,187.85
loyd.1,par-prev,1,18.57
loyd.2,par-prev,1,293.34
lup.1,par-prev,1,18.86
lup.2,par-prev,1,134.35
mcs.1,par-prev,1,17.28
mcs.2,par-prev,1,15.78
mcs.3,par-prev,1,65.75
mcs.4,par-prev,1,14.99
mcs.6,par-prev,1,16.09
msmie.1,par-prev,1,14.69
msmie.2,par-prev,1,10.21
msmie.3,par-prev,1,10.4
msmie.4,par-prev,1,40.76
needham.1,par-prev,1,14.8
needham.2,par-prev,1,13.55
needham.3,par-prev,1,16.57
needham.4,par-prev,1,48.09
peg_solitaire.1,par-prev,1,124.31
peterson.1,par-prev,1,17.21
peterson.2,par-prev,1,18.11
peterson.3,par-prev,1,19.32
peterson.4,par-prev,1,51.82
peterson.5,par-prev,1,101.43
peterson.6,par-prev,1,189.1
pgm_protocol.1,par-prev,1,84.28
pgm_protocol.2,par-prev,1,134.44
pgm_protocol.4,par-prev,1,230.05
phils.1,par-prev,1,15.71
phils.2,par-prev,1,16.07
phils.3,par-prev,1,16.15
phils.4,par-prev,1,14.49
phils.5,par-prev,1,12.22
phils.6,par-prev,1,11.0
phils.7,par-prev,1,17.77
phils.8,par-prev,1,10.9
pouring.1,par-prev,1,19.45
pouring.2,par-prev,1,23.67
production_cell.1,par-prev,1,18.61
production_cell.2,par-prev,1,17.85
production_cell.3,par-prev,1,113.11
production_cell.4,par-prev,1,66.27
protocols.1,par-prev,1,16.6
protocols.2,par-prev,1,16.9
protocols.3,par-prev,1,15.17
protocols.4,par-prev,1,17.27
protocols.5,par-prev,1,18.32
public_subscribe.1,par-prev,1,14.89
reader_writer.1,par-prev,1,14.3
reader_writer.2,par-prev,1,12.39
reader_writer.3,par-prev,1,9.68
resistance.1,par-prev,1,53.37
resistance.2,par-prev,1,85.02
rether.1,par-prev,1,14.79
rether.2,par-prev,1,23.98
rushhour.1,par-prev,1,16.3
rushhour.2,par-prev,1,29.73
schedule_world.1,par-prev,1,14.38
schedule_world.2,par-prev,1,48.55
sorter.1,par-prev,1,16.61
sorter.2,par-prev,1,15.02
sorter.3,par-prev,1,213.72
sorter.5,par-prev,1,81.62
synapse.1,par-prev,1,21.52
synapse.2,par-prev,1,22.74
synapse.3,par-prev,1,50.19
synapse.4,par-prev,1,155.6
synapse.5,par-prev,1,30.46
synapse.6,par-prev,1,69.66
synapse.7,par-prev,1,273.8
szymanski.1,par-prev,1,18.07
szymanski.2,par-prev,1,19.38
szymanski.3,par-prev,1,67.72
szymanski.4,par-prev,1,108.89
telephony.1,par-prev,1,15.84
telephony.2,par-prev,1,19.47
telephony.3,par-prev,1,42.48
telephony.4,par-prev,1,162.41
telephony.7,par-prev,1,287.25
adding.1,bfs-prev,1,20.13
adding.2,bfs-prev,1,156.33
anderson.1,bfs-prev,1,28.58
anderson.2,bfs-prev,1,17.5
anderson.4,bfs-prev,1,20.49
anderson.6,bfs-prev,1,218.32
at.1,bfs-prev,1,19.33
at.2,bfs-prev,1,20.08
at.3,bfs-prev,1,59.34
at.4,bfs-prev,1,98.04
at.5,bfs-prev,1,230.47
bakery.1,bfs-prev,1,17.43
bakery.2,bfs-prev,1,17.21
bakery.3,bfs-prev,1,22.6
bakery.4,bfs-prev,1,33.58
blocks.2,bfs-prev,1,18.53
blocks.3,bfs-prev,1,136.69
bopdp.1,bfs-prev,1,14.31
bopdp.2,bfs-prev,1,18.18
bopdp.3,bfs-prev,1,27.42
bridge.1,bfs-prev,1,16.32
bridge.2,bfs-prev,1,24.32
bridge.3,bfs-prev,1,51.86
brp.1,bfs-prev,1,19.0
brp.2,bfs-prev,1,21.1
brp.3,bfs-prev,1,48.26
brp.4,bfs-prev,1,127.46
brp.5,bfs-prev,1,154.85
brp.6,bfs-prev,1,239.11
brp2.1,bfs-prev,1,27.34
brp2.2,bfs-prev,1,35.4
brp2.3,bfs-prev,1,26.72
brp2.4,bfs-prev,1,96.84
brp2.5,bfs-prev,1,72.97
cambridge.1,bfs-prev,1,20.19
cambridge.2,bfs-prev,1,20.49
cambridge.3,bfs-prev,1,20.87
cambridge.4,bfs-prev,1,40.73
cambridge.5,bfs-prev,1,173.88
collision.1,bfs-prev,1,16.57
collision.2,bfs-prev,1,17.83
collision.3,bfs-prev,1,68.06
cyclic_scheduler.1,bfs-prev,1,7.72
cyclic_scheduler.2,bfs-prev,1,12.8
cyclic_scheduler.3,bfs-prev,1,9.39
cyclic_scheduler.4,bfs-prev,1,9.76
driving_phils.1,bfs-prev,1,17.28
driving_phils.2,bfs-prev,1,13.88
elevator.1,bfs-prev,1,20.54
elevator.2,bfs-prev,1,14.77
elevator2.1,bfs-prev,1,16.67
elevator2.2,bfs-prev,1,15.05
elevator2.3,bfs-prev,1,108.66
elevator_planning.1,bfs-prev,1,15.05
elevator_planning.3,bfs-prev,1,16.67
exit.1,bfs-prev,1,32.3
exit.2,bfs-prev,1,11.71
exit.3,bfs-prev,1,87.47
exit.5,bfs-prev,1,30.87
extinction.1,bfs-prev,1,8.96
extinction.2,bfs-prev,1,10.85
extinction.3,bfs-prev,1,144.57
extinction.4,bfs-prev,1,94.2
firewire_link.1,bfs-prev,1,5.04
firewire_link.2,bfs-prev,1,27.57
firewire_link.4,bfs-prev,1,12.63
firewire_link.7,bfs-prev,1,69.74
firewire_tree.1,bfs-prev,1,3.29
firewire_tree.2,bfs-prev,1,13.48
firewire_tree.3,bfs-prev,1,139.51
fischer.1,bfs-prev,1,17.55
fischer.2,bfs-prev,1,18.18
fischer.3,bfs-prev,1,43.73
fischer.4,bfs-prev,1,27.7
fischer.5,bfs-prev,1,169.23
fischer.6,bfs-prev,1,58.87
fischer.7,bfs-prev,1,259.77
frogs.1,bfs-prev,1,22.07
frogs.2,bfs-prev,1,43.75
gear.1,bfs-prev,1,16.94
gear.2,bfs-prev,1,25.25
hanoi.1,bfs-prev,1,43.62
iprotocol.1,bfs-prev,1,12.49
iprotocol.2,bfs-prev,1,15.68
iprotocol.3,bfs-prev,1,86.15
iprotocol.4,bfs-prev,1,278.7
krebs.1,bfs-prev,1,20.78
krebs.2,bfs-prev,1,47.54
krebs.3,bfs-prev,1,145.42
krebs.4,bfs-prev,1,286.75
lamport.1,bfs-prev,1,19.38
lamport.2,bfs-prev,1,27.47
lamport.3,bfs-prev,1,19.83
lamport.5,bfs-prev,1,53.89
lamport_nonatomic.1,bfs-prev,1,12.88
lamport_nonatomic.2,bfs-prev,1,12.43
lamport_nonatomic.3,bfs-prev,1,13.38
lamport_nonatomic.4,bfs-prev,1,24.98
lamport_nonatomic.5,bfs-prev,1,134.8
lann.1,bfs-prev,1,20.06
lann.2,bfs-prev,1,14.1
lann.3,bfs-prev,1,48.31
lann.4,bfs-prev,1,163.58
lann.5,bfs-prev,1,36.05
leader_election.1,bfs-prev,1,14.17
leader_election.2,bfs-prev,1,46.95
leader_election.3,bfs-prev,1,41.62
leader_election.4,bfs-prev,1,96.07
leader_election.5,bfs-prev,1,216.48
leader_filters.1,bfs-prev,1,16.96
leader_filters.2,bfs-prev,1,17.35
leader_filters.3,bfs-prev,1,27.35
leader_filters.4,bfs-prev,1,18.24
leader_filters.5,bfs-prev,1,129.27
lifts.1,bfs-prev,1,13.53
lifts.2,bfs-prev,1,13.55
lifts.3,bfs-prev,1,63.38
lifts.4,bfs-prev,1,118.8
lifts.5,bfs-prev,1,187.84
loyd.1,bfs-prev,1,18.72
loyd.2,bfs-prev,1,293.24
lup.1,bfs-prev,1,18.87
lup.2,bfs-prev,1,134.43
mcs.1,bfs-prev,1,17.28
mcs.2,bfs-prev,1,15.99
mcs.3,bfs-prev,1,65.69
mcs.4,bfs-prev,1,14.97
mcs.6,bfs-prev,1,16.01
msmie.1,bfs-prev,1,14.67
msmie.2,bfs-prev,1,10.13
msmie.3,bfs-prev,1,10.44
msmie.4,bfs-prev,1,40.79
needham.1,bfs-prev,1,14.67
needham.2,bfs-prev,1,13.45
needham.3,bfs-prev,1,16.54
needham.4,bfs-prev,1,48.12
peg_solitaire.1,bfs-prev,1,124.22
peterson.1,bfs-prev,1,17.05
peterson.2,bfs-prev,1,18.14
peterson.3,bfs-prev,1,19.26
peterson.4,bfs-prev,1,51.86
peterson.5,bfs-prev,1,101.67
peterson.6,bfs-prev,1,188.94
pgm_protocol.1,bfs-prev,1,84.19
pgm_protocol.2,bfs-prev,1,134.39
pgm_protocol.4,bfs-prev,1,229.66
phils.1,bfs-prev,1,15.72
phils.2,bfs-prev,1,15.93
phils.3,bfs-prev,1,16.13
phils.4,bfs-prev,1,14.49
phils.5,bfs-prev,1,12.19
phils.6,bfs-prev,1,11.04
phils.7,bfs-prev,1,17.79
phils.8,bfs-prev,1,10.93
pouring.1,bfs-prev,1,19.37
pouring.2,bfs-prev,1,23.49
production_cell.1,bfs-prev,1,18.64
production_cell.2,bfs-prev,1,17.85
production_cell.3,bfs-prev,1,113.3
production_cell.4,bfs-prev,1,66.27
protocols.1,bfs-prev,1,16.73
protocols.2,bfs-prev,1,16.98
protocols.3,bfs-prev,1,15.21
protocols.4,bfs-prev,1,17.29
protocols.5,bfs-prev,1,18.32
public_subscribe.1,bfs-prev,1,14.92
reader_writer.1,bfs-prev,1,14.26
reader_writer.2,bfs-prev,1,12.4
reader_writer.3,bfs-prev,1,9.65
resistance.1,bfs-prev,1,52.71
resistance.2,bfs-prev,1,84.48
rether.1,bfs-prev,1,14.89
rether.2,bfs-prev,1,23.91
rushhour.1,bfs-prev,1,16.3
rushhour.2,bfs-prev,1,29.73
schedule_world.1,bfs-prev,1,14.32
schedule_world.2,bfs-prev,1,48.52
sorter.1,bfs-prev,1,16.61
sorter.2,bfs-prev,1,14.99
sorter.3,bfs-prev,1,213.92
sorter.5,bfs-prev,1,81.71
synapse.1,bfs-prev,1,21.43
synapse.2,bfs-prev,1,22.64
synapse.3,bfs-prev,1,50.1
synapse.4,bfs-prev,1,155.74
synapse.5,bfs-prev,1,30.53
synapse.6,bfs-prev,1,69.92
synapse.7,bfs-prev,1,275.24
szymanski.1,bfs-prev,1,18.05
szymanski.2,bfs-prev,1,19.3
szymanski.3,bfs-prev,1,67.77
szymanski.4,bfs-prev,1,108.74
telephony.1,bfs-prev,1,15.86
telephony.2,bfs-prev,1,19.45
telephony.3,bfs-prev,1,42.55
telephony.4,bfs-prev,1,162.47
adding.1,par-prev,48,5.02
adding.2,par-prev,48,37.5
adding.3,par-prev,48,48.09
adding.4,par-prev,48,88.26
adding.5,par-prev,48,143.93
adding.6,par-prev,48,194.63
anderson.1,par-prev,48,8.07
anderson.2,par-prev,48,2.8
anderson.3,par-prev,48,91.98
anderson.4,par-prev,48,2.76
anderson.6,par-prev,48,13.99
anderson.8,par-prev,48,47.11
at.1,par-prev,48,2.99
at.2,par-prev,48,3.14
at.3,par-prev,48,4.44
at.4,par-prev,48,5.48
at.5,par-prev,48,13.99
at.6,par-prev,48,32.25
at.7,par-prev,48,45.82
bakery.1,par-prev,48,3.46
bakery.2,par-prev,48,3.5
bakery.3,par-prev,48,3.97
bakery.4,par-prev,48,6.22
bakery.5,par-prev,48,58.71
bakery.6,par-prev,48,40.43
bakery.7,par-prev,48,186.06
blocks.2,par-prev,48,3.99
blocks.3,par-prev,48,47.56
bopdp.1,par-prev,48,1.71
bopdp.2,par-prev,48,2.22
bopdp.3,par-prev,48,2.5
bridge.1,par-prev,48,1.83
bridge.2,par-prev,48,2.79
bridge.3,par-prev,48,6.15
brp.1,par-prev,48,2.53
brp.2,par-prev,48,2.58
brp.3,par-prev,48,5.08
brp.4,par-prev,48,11.43
brp.5,par-prev,48,16.64
brp.6,par-prev,48,19.93
brp2.1,par-prev,48,6.31
brp2.2,par-prev,48,7.42
brp2.3,par-prev,48,5.93
brp2.4,par-prev,48,44.12
brp2.5,par-prev,48,20.3
brp2.6,par-prev,48,223.97
cambridge.1,par-prev,48,3.75
cambridge.2,par-prev,48,3.84
cambridge.3,par-prev,48,4.18
cambridge.4,par-prev,48,10.53
cambridge.5,par-prev,48,67.76
collision.1,par-prev,48,2.79
collision.2,par-prev,48,2.92
collision.3,par-prev,48,6.0
collision.4,par-prev,48,103.5
collision.5,par-prev,48,149.29
cyclic_scheduler.1,par-prev,48,0.82
cyclic_scheduler.2,par-prev,48,1.78
cyclic_scheduler.3,par-prev,48,0.81
cyclic_scheduler.4,par-prev,48,1.01
driving_phils.1,par-prev,48,2.62
driving_phils.2,par-prev,48,1.92
elevator.1,par-prev,48,1.86
elevator.2,par-prev,48,1.77
elevator.3,par-prev,48,13.09
elevator.4,par-prev,48,12.0
elevator2.1,par-prev,48,4.59
elevator2.2,par-prev,48,2.8
elevator2.3,par-prev,48,113.24
elevator_planning.1,par-prev,48,3.83
elevator_planning.2,par-prev,48,20.4
elevator_planning.3,par-prev,48,4.04
exit.1,par-prev,48,3.83
exit.2,par-prev,48,1.47
exit.3,par-prev,48,6.37
exit.5,par-prev,48,2.34
extinction.1,par-prev,48,1.05
extinction.2,par-prev,48,1.54
extinction.3,par-prev,48,5.46
extinction.4,par-prev,48,4.55
firewire_link.1,par-prev,48,0.72
firewire_link.2,par-prev,48,2.36
firewire_link.3,par-prev,48,111.31
firewire_link.4,par-prev,48,1.51
firewire_link.5,par-prev,48,31.63
firewire_link.7,par-prev,48,5.22
firewire_tree.1,par-prev,48,0.79
firewire_tree.2,par-prev,48,1.34
firewire_tree.3,par-prev,48,9.28
firewire_tree.4,par-prev,48,12.98
fischer.1,par-prev,48,4.59
fischer.2,par-prev,48,4.16
fischer.3,par-prev,48,5.58
fischer.4,par-prev,48,9.07
fischer.5,par-prev,48,37.44
fischer.6,par-prev,48,31.45
fischer.7,par-prev,48,38.46
frogs.1,par-prev,48,14.36
frogs.2,par-prev,48,39.63
gear.1,par-prev,48,2.52
gear.2,par-prev,48,5.75
hanoi.1,par-prev,48,39.75
iprotocol.1,par-prev,48,2.0
iprotocol.2,par-prev,48,2.23
iprotocol.3,par-prev,48,7.36
iprotocol.4,par-prev,48,21.19
iprotocol.5,par-prev,48,139.04
iprotocol.6,par-prev,48,80.2
krebs.1,par-prev,48,7.45
krebs.2,par-prev,48,17.81
krebs.3,par-prev,48,45.5
krebs.4,par-prev,48,70.39
lamport.1,par-prev,48,2.54
lamport.2,par-prev,48,2.95
lamport.3,par-prev,48,2.39
lamport.5,par-prev,48,3.8
lamport.6,par-prev,48,26.7
lamport.7,par-prev,48,21.55
lamport.8,par-prev,48,25.19
lamport_nonatomic.1,par-prev,48,1.23
lamport_nonatomic.2,par-prev,48,1.2
lamport_nonatomic.3,par-prev,48,1.26
lamport_nonatomic.4,par-prev,48,1.55
lamport_nonatomic.5,par-prev,48,5.44
lann.1,par-prev,48,2.91
lann.2,par-prev,48,1.79
lann.3,par-prev,48,3.9
lann.4,par-prev,48,6.55
lann.5,par-prev,48,2.11
lann.6,par-prev,48,124.06
lann.7,par-prev,48,17.58
leader_election.1,par-prev,48,1.58
leader_election.2,par-prev,48,5.66
leader_election.3,par-prev,48,3.86
leader_election.4,par-prev,48,5.98
leader_election.5,par-prev,48,11.86
leader_election.6,par-prev,48,25.65
leader_filters.1,par-prev,48,3.03
leader_filters.2,par-prev,48,3.3
leader_filters.3,par-prev,48,3.72
leader_filters.4,par-prev,48,2.71
leader_filters.5,par-prev,48,10.39
leader_filters.6,par-prev,48,55.04
leader_filters.7,par-prev,48,30.32
lifts.1,par-prev,48,1.38
lifts.2,par-prev,48,1.77
lifts.3,par-prev,48,4.09
lifts.4,par-prev,48,5.93
lifts.5,par-prev,48,8.54
lifts.6,par-prev,48,16.83
lifts.7,par-prev,48,53.99
lifts.8,par-prev,48,139.73
loyd.1,par-prev,48,12.99
loyd.2,par-prev,48,266.49
lup.1,par-prev,48,6.48
lup.2,par-prev,48,135.69
mcs.1,par-prev,48,2.59
mcs.2,par-prev,48,2.34
mcs.3,par-prev,48,4.33
mcs.4,par-prev,48,2.06
mcs.5,par-prev,48,86.12
mcs.6,par-prev,48,1.9
msmie.1,par-prev,48,1.9
msmie.2,par-prev,48,1.12
msmie.3,par-prev,48,1.11
msmie.4,par-prev,48,2.8
needham.1,par-prev,48,2.05
needham.2,par-prev,48,1.29
needham.3,par-prev,48,1.3
needham.4,par-prev,48,2.12
peg_solitaire.1,par-prev,48,139.65
peterson.1,par-prev,48,3.37
peterson.2,par-prev,48,3.48
peterson.3,par-prev,48,4.49
peterson.4,par-prev,48,7.02
peterson.5,par-prev,48,11.26
peterson.6,par-prev,48,14.81
peterson.7,par-prev,48,75.04
pgm_protocol.1,par-prev,48,9.61
pgm_protocol.2,par-prev,48,13.88
pgm_protocol.3,par-prev,48,48.25
pgm_protocol.4,par-prev,48,19.05
pgm_protocol.5,par-prev,48,55.45
pgm_protocol.6,par-prev,48,87.79
pgm_protocol.7,par-prev,48,33.22
pgm_protocol.8,par-prev,48,164.59
phils.1,par-prev,48,3.2
phils.2,par-prev,48,2.4
phils.3,par-prev,48,2.6
phils.4,par-prev,48,1.68
phils.5,par-prev,48,1.71
phils.6,par-prev,48,1.29
phils.7,par-prev,48,1.6
phils.8,par-prev,48,1.3
pouring.1,par-prev,48,3.36
pouring.2,par-prev,48,2.7
production_cell.1,par-prev,48,1.79
production_cell.2,par-prev,48,2.4
production_cell.3,par-prev,48,4.98
production_cell.4,par-prev,48,3.64
production_cell.5,par-prev,48,13.62
production_cell.6,par-prev,48,38.64
protocols.1,par-prev,48,4.89
protocols.2,par-prev,48,4.18
protocols.3,par-prev,48,2.98
protocols.4,par-prev,48,3.61
protocols.5,par-prev,48,3.8
public_subscribe.1,par-prev,48,1.84
public_subscribe.2,par-prev,48,13.96
public_subscribe.3,par-prev,48,12.79
public_subscribe.4,par-prev,48,12.89
reader_writer.1,par-prev,48,2.11
reader_writer.2,par-prev,48,1.78
reader_writer.3,par-prev,48,1.29
resistance.1,par-prev,48,61.59
resistance.2,par-prev,48,79.54
rether.1,par-prev,48,1.99
rether.2,par-prev,48,2.28
rether.3,par-prev,48,24.16
rether.4,par-prev,48,78.78
rether.5,par-prev,48,178.6
rushhour.1,par-prev,48,12.34
rushhour.2,par-prev,48,24.09
schedule_world.1,par-prev,48,2.11
schedule_world.2,par-prev,48,2.82
schedule_world.3,par-prev,48,23.41
sorter.1,par-prev,48,2.42
sorter.2,par-prev,48,2.13
sorter.3,par-prev,48,11.36
sorter.4,par-prev,48,40.8
sorter.5,par-prev,48,5.35
synapse.1,par-prev,48,1.94
synapse.2,par-prev,48,2.2
synapse.3,par-prev,48,3.67
synapse.4,par-prev,48,8.7
synapse.5,par-prev,48,2.29
synapse.6,par-prev,48,4.25
synapse.7,par-prev,48,15.0
szymanski.1,par-prev,48,2.6
szymanski.2,par-prev,48,2.83
szymanski.3,par-prev,48,7.44
szymanski.4,par-prev,48,10.11
szymanski.5,par-prev,48,61.39
telephony.1,par-prev,48,2.03
telephony.2,par-prev,48,2.55
telephony.3,par-prev,48,3.57
telephony.4,par-prev,48,20.25
telephony.7,par-prev,48,30.51
adding.1,bfs-prev,48,14.5
adding.2,bfs-prev,48,54.25
adding.3,bfs-prev,48,93.43
adding.4,bfs-prev,48,137.0
adding.5,bfs-prev,48,192.6
adding.6,bfs-prev,48,271.55
anderson.1,bfs-prev,48,22.31
anderson.2,bfs-prev,48,12.47
anderson.3,bfs-prev,48,226.24
anderson.4,bfs-prev,48,14.4
anderson.6,bfs-prev,48,101.44
at.1,bfs-prev,48,13.82
at.2,bfs-prev,48,14.42
at.3,bfs-prev,48,31.84
at.4,bfs-prev,48,42.78
at.5,bfs-prev,48,110.34
at.6,bfs-prev,48,278.46
bakery.1,bfs-prev,48,17.64
bakery.2,bfs-prev,48,16.42
bakery.3,bfs-prev,48,19.6
bakery.4,bfs-prev,48,23.33
bakery.5,bfs-prev,48,197.78
bakery.6,bfs-prev,48,132.28
blocks.2,bfs-prev,48,16.69
blocks.3,bfs-prev,48,108.9
bopdp.1,bfs-prev,48,11.91
bopdp.2,bfs-prev,48,14.64
bopdp.3,bfs-prev,48,18.78
bridge.1,bfs-prev,48,11.47
bridge.2,bfs-prev,48,15.77
bridge.3,bfs-prev,48,41.0
brp.1,bfs-prev,48,14.47
brp.2,bfs-prev,48,15.66
brp.3,bfs-prev,48,28.68
brp.4,bfs-prev,48,60.24
brp.5,bfs-prev,48,73.49
brp.6,bfs-prev,48,124.19
brp2.1,bfs-prev,48,20.76
brp2.2,bfs-prev,48,25.32
brp2.3,bfs-prev,48,20.33
brp2.4,bfs-prev,48,74.56
brp2.5,bfs-prev,48,49.74
cambridge.1,bfs-prev,48,13.11
cambridge.2,bfs-prev,48,13.06
cambridge.3,bfs-prev,48,13.04
cambridge.4,bfs-prev,48,19.52
cambridge.5,bfs-prev,48,85.41
collision.1,bfs-prev,48,13.2
collision.2,bfs-prev,48,15.61
collision.3,bfs-prev,48,36.26
cyclic_scheduler.1,bfs-prev,48,7.69
cyclic_scheduler.2,bfs-prev,48,11.38
cyclic_scheduler.3,bfs-prev,48,6.61
cyclic_scheduler.4,bfs-prev,48,8.35
driving_phils.1,bfs-prev,48,16.97
driving_phils.2,bfs-prev,48,12.68
elevator.1,bfs-prev,48,15.09
elevator.2,bfs-prev,48,14.17
elevator.3,bfs-prev,48,155.82
elevator.4,bfs-prev,48,146.29
elevator2.1,bfs-prev,48,12.76
elevator2.2,bfs-prev,48,13.12
elevator2.3,bfs-prev,48,112.27
elevator_planning.1,bfs-prev,48,11.64
elevator_planning.2,bfs-prev,48,69.1
elevator_planning.3,bfs-prev,48,12.02
exit.1,bfs-prev,48,22.42
exit.2,bfs-prev,48,11.13
exit.3,bfs-prev,48,65.15
exit.5,bfs-prev,48,26.46
extinction.1,bfs-prev,48,8.42
extinction.2,bfs-prev,48,9.42
extinction.3,bfs-prev,48,86.96
extinction.4,bfs-prev,48,61.63
firewire_link.1,bfs-prev,48,6.03
firewire_link.2,bfs-prev,48,25.0
firewire_link.4,bfs-prev,48,13.64
firewire_link.7,bfs-prev,48,68.62
firewire_tree.1,bfs-prev,48,3.76
firewire_tree.2,bfs-prev,48,18.98
firewire_tree.3,bfs-prev,48,170.4
fischer.1,bfs-prev,48,12.83
fischer.2,bfs-prev,48,15.78
fischer.3,bfs-prev,48,28.88
fischer.4,bfs-prev,48,20.34
fischer.5,bfs-prev,48,94.66
fischer.6,bfs-prev,48,54.7
fischer.7,bfs-prev,48,139.65
frogs.1,bfs-prev,48,21.94
frogs.2,bfs-prev,48,54.08
gear.1,bfs-prev,48,13.88
gear.2,bfs-prev,48,22.17
hanoi.1,bfs-prev,48,50.32
iprotocol.1,bfs-prev,48,10.68
iprotocol.2,bfs-prev,48,12.89
iprotocol.3,bfs-prev,48,50.9
iprotocol.4,bfs-prev,48,132.75
krebs.1,bfs-prev,48,16.16
krebs.2,bfs-prev,48,31.96
krebs.3,bfs-prev,48,86.11
krebs.4,bfs-prev,48,146.87
lamport.1,bfs-prev,48,15.8
lamport.2,bfs-prev,48,18.51
lamport.3,bfs-prev,48,15.03
lamport.5,bfs-prev,48,26.88
lamport.6,bfs-prev,48,199.0
lamport.7,bfs-prev,48,168.88
lamport.8,bfs-prev,48,193.41
lamport_nonatomic.1,bfs-prev,48,11.28
lamport_nonatomic.2,bfs-prev,48,10.9
lamport_nonatomic.3,bfs-prev,48,11.7
lamport_nonatomic.4,bfs-prev,48,18.83
lamport_nonatomic.5,bfs-prev,48,69.21
lann.1,bfs-prev,48,16.79
lann.2,bfs-prev,48,10.91
lann.3,bfs-prev,48,25.21
lann.4,bfs-prev,48,91.56
lann.5,bfs-prev,48,19.67
lann.7,bfs-prev,48,146.28
leader_election.1,bfs-prev,48,11.34
leader_election.2,bfs-prev,48,35.84
leader_election.3,bfs-prev,48,45.71
leader_election.4,bfs-prev,48,88.97
leader_election.5,bfs-prev,48,132.2
leader_filters.1,bfs-prev,48,12.51
leader_filters.2,bfs-prev,48,12.06
leader_filters.3,bfs-prev,48,16.66
leader_filters.4,bfs-prev,48,11.9
leader_filters.5,bfs-prev,48,48.1
leader_filters.6,bfs-prev,48,211.3
leader_filters.7,bfs-prev,48,148.97
lifts.1,bfs-prev,48,11.82
lifts.2,bfs-prev,48,11.69
lifts.3,bfs-prev,48,47.41
lifts.4,bfs-prev,48,79.66
lifts.5,bfs-prev,48,121.56
lifts.6,bfs-prev,48,253.62
loyd.1,bfs-prev,48,19.85
lup.1,bfs-prev,48,14.09
lup.2,bfs-prev,48,137.1
mcs.1,bfs-prev,48,13.08
mcs.2,bfs-prev,48,12.1
mcs.3,bfs-prev,48,28.79
mcs.4,bfs-prev,48,10.11
mcs.6,bfs-prev,48,10.84
msmie.1,bfs-prev,48,12.51
msmie.2,bfs-prev,48,9.75
msmie.3,bfs-prev,48,10.08
msmie.4,bfs-prev,48,30.09
needham.1,bfs-prev,48,10.2
needham.2,bfs-prev,48,9.94
needham.3,bfs-prev,48,12.48
needham.4,bfs-prev,48,29.38
peg_solitaire.1,bfs-prev,48,129.44
peterson.1,bfs-prev,48,16.22
peterson.2,bfs-prev,48,15.14
peterson.3,bfs-prev,48,15.47
peterson.4,bfs-prev,48,25.96
peterson.5,bfs-prev,48,34.23
peterson.6,bfs-prev,48,48.17
peterson.7,bfs-prev,48,206.09
pgm_protocol.1,bfs-prev,48,69.19
pgm_protocol.2,bfs-prev,48,107.24
pgm_protocol.4,bfs-prev,48,153.76
phils.1,bfs-prev,48,12.81
phils.2,bfs-prev,48,11.9
phils.3,bfs-prev,48,12.17
phils.4,bfs-prev,48,10.37
phils.5,bfs-prev,48,9.23
phils.6,bfs-prev,48,8.32
phils.7,bfs-prev,48,10.67
phils.8,bfs-prev,48,8.23
pouring.1,bfs-prev,48,12.28
pouring.2,bfs-prev,48,13.66
production_cell.1,bfs-prev,48,15.81
production_cell.2,bfs-prev,48,16.25
production_cell.3,bfs-prev,48,73.5
production_cell.4,bfs-prev,48,44.4
production_cell.5,bfs-prev,48,240.16
protocols.1,bfs-prev,48,14.53
protocols.2,bfs-prev,48,13.46
protocols.3,bfs-prev,48,13.44
protocols.4,bfs-prev,48,15.2
protocols.5,bfs-prev,48,15.47
public_subscribe.1,bfs-prev,48,11.8
public_subscribe.2,bfs-prev,48,171.11
public_subscribe.3,bfs-prev,48,166.32
public_subscribe.4,bfs-prev,48,167.87
reader_writer.1,bfs-prev,48,10.25
reader_writer.2,bfs-prev,48,9.12
reader_writer.3,bfs-prev,48,7.57
resistance.1,bfs-prev,48,74.76
resistance.2,bfs-prev,48,106.53
rether.1,bfs-prev,48,14.1
rether.2,bfs-prev,48,20.43
rushhour.1,bfs-prev,48,15.72
rushhour.2,bfs-prev,48,28.17
schedule_world.1,bfs-prev,48,10.0
schedule_world.2,bfs-prev,48,24.01
schedule_world.3,bfs-prev,48,193.45
sorter.1,bfs-prev,48,14.97
sorter.2,bfs-prev,48,13.2
sorter.3,bfs-prev,48,129.96
sorter.5,bfs-prev,48,51.35
synapse.1,bfs-prev,48,14.69
synapse.2,bfs-prev,48,14.66
synapse.3,bfs-prev,48,29.54
synapse.4,bfs-prev,48,73.07
synapse.5,bfs-prev,48,23.73
synapse.6,bfs-prev,48,48.94
synapse.7,bfs-prev,48,163.24
szymanski.1,bfs-prev,48,15.17
szymanski.2,bfs-prev,48,14.38
szymanski.3,bfs-prev,48,37.51
szymanski.4,bfs-prev,48,55.95
telephony.1,bfs-prev,48,12.11
telephony.2,bfs-prev,48,12.92
telephony.3,bfs-prev,48,22.65
telephony.4,bfs-prev,48,61.19
telephony.7,bfs-prev,48,94.06
adding.1,par-prev,1,20.05
adding.2,par-prev,1,156.34
anderson.1,par-prev,1,28.57
anderson.2,par-prev,1,17.47
at.4,par-prev,1,98.26
bakery.1,par-prev,1,17.27
bakery.2,par-prev,1,17.13
bakery.4,par-prev,1,33.6
blocks.2,par-prev,1,18.55
blocks.3,par-prev,1,136.55
bopdp.1,par-prev,1,14.07
bopdp.2,par-prev,1,18.1
bopdp.3,par-prev,1,27.36
bridge.1,par-prev,1,16.1
bridge.2,par-prev,1,24.4
bridge.3,par-prev,1,51.97
brp.3,par-prev,1,48.09
brp.5,par-prev,1,155.1
brp2.2,par-prev,1,35.3
brp2.4,par-prev,1,96.84
brp2.5,par-prev,1,73.16
cambridge.1,par-prev,1,20.01
cambridge.3,par-prev,1,20.9
cambridge.5,par-prev,1,173.6
collision.1,par-prev,1,16.67
collision.3,par-prev,1,67.96
cyclic_scheduler.1,par-prev,1,7.71
cyclic_scheduler.2,par-prev,1,12.81
cyclic_scheduler.3,par-prev,1,9.8
cyclic_scheduler.4,par-prev,1,9.79
driving_phils.1,par-prev,1,17.29
elevator2.2,par-prev,1,15.17
elevator2.3,par-prev,1,108.45
elevator_planning.1,par-prev,1,15.07
exit.2,par-prev,1,11.71
extinction.1,par-prev,1,8.94
extinction.2,par-prev,1,10.84
extinction.3,par-prev,1,144.63
extinction.4,par-prev,1,94.73
firewire_link.2,par-prev,1,27.55
firewire_link.7,par-prev,1,69.81
fischer.2,par-prev,1,18.24
fischer.3,par-prev,1,43.65
fischer.6,par-prev,1,59.17
fischer.7,par-prev,1,260.38
frogs.2,par-prev,1,43.7
gear.1,par-prev,1,16.96
gear.2,par-prev,1,25.28
hanoi.1,par-prev,1,43.83
iprotocol.2,par-prev,1,15.68
iprotocol.4,par-prev,1,278.56
krebs.3,par-prev,1,145.46
krebs.4,par-prev,1,287.35
lamport.1,par-prev,1,19.41
lamport.2,par-prev,1,27.5
lamport.5,par-prev,1,53.81
lamport_nonatomic.3,par-prev,1,13.42
lamport_nonatomic.4,par-prev,1,24.95
lamport_nonatomic.5,par-prev,1,134.86
lann.1,par-prev,1,20.07
lann.2,par-prev,1,14.06
lann.4,par-prev,1,163.8
leader_election.1,par-prev,1,14.15
leader_election.4,par-prev,1,96.23
leader_election.5,par-prev,1,215.88
leader_filters.2,par-prev,1,17.38
leader_filters.3,par-prev,1,27.13
leader_filters.5,par-prev,1,129.49
lifts.2,par-prev,1,13.46
lifts.3,par-prev,1,63.46
lifts.4,par-prev,1,118.91
lifts.5,par-prev,1,187.76
loyd.2,par-prev,1,293.28
mcs.1,par-prev,1,17.27
mcs.2,par-prev,1,15.93
mcs.6,par-prev,1,15.76
msmie.1,par-prev,1,14.62
needham.1,par-prev,1,14.8
needham.2,par-prev,1,13.5
needham.3,par-prev,1,16.6
needham.4,par-prev,1,48.1
peterson.3,par-prev,1,19.31
peterson.4,par-prev,1,51.86
pgm_protocol.1,par-prev,1,84.19
pgm_protocol.2,par-prev,1,134.11
pgm_protocol.4,par-prev,1,229.45
phils.1,par-prev,1,15.66
phils.2,par-prev,1,16.14
phils.3,par-prev,1,16.1
phils.4,par-prev,1,14.51
phils.6,par-prev,1,11.05
phils.8,par-prev,1,10.94
pouring.2,par-prev,1,23.53
production_cell.1,par-prev,1,18.67
production_cell.2,par-prev,1,17.89
production_cell.4,par-prev,1,66.35
protocols.5,par-prev,1,18.22
reader_writer.2,par-prev,1,12.38
reader_writer.3,par-prev,1,9.74
resistance.2,par-prev,1,84.59
rether.1,par-prev,1,14.87
rether.2,par-prev,1,23.96
rushhour.2,par-prev,1,29.79
sorter.2,par-prev,1,14.9
sorter.3,par-prev,1,213.7
synapse.1,par-prev,1,21.44
synapse.2,par-prev,1,22.73
synapse.5,par-prev,1,30.45
szymanski.2,par-prev,1,19.33
szymanski.3,par-prev,1,67.78
telephony.3,par-prev,1,42.33
adding.1,bfs-prev,1,20.05
anderson.1,bfs-prev,1,28.56
anderson.2,bfs-prev,1,17.5
at.3,bfs-prev,1,59.35
at.5,bfs-prev,1,230.63
bakery.4,bfs-prev,1,33.56
blocks.2,bfs-prev,1,18.38
bopdp.1,bfs-prev,1,14.36
bopdp.2,bfs-prev,1,18.1
bopdp.3,bfs-prev,1,27.38
brp.4,bfs-prev,1,127.51
brp.5,bfs-prev,1,154.81
brp2.5,bfs-prev,1,72.99
cambridge.1,bfs-prev,1,20.17
cambridge.2,bfs-prev,1,20.47
cambridge.3,bfs-prev,1,20.84
cambridge.4,bfs-prev,1,40.74
cambridge.5,bfs-prev,1,173.78
collision.2,bfs-prev,1,17.81
cyclic_scheduler.1,bfs-prev,1,7.66
driving_phils.1,bfs-prev,1,17.29
driving_phils.2,bfs-prev,1,13.94
elevator_planning.1,bfs-prev,1,15.07
elevator_planning.3,bfs-prev,1,16.71
exit.2,bfs-prev,1,11.69
extinction.1,bfs-prev,1,8.93
firewire_link.1,bfs-prev,1,5.03
firewire_link.2,bfs-prev,1,27.56
firewire_link.4,bfs-prev,1,12.64
firewire_tree.2,bfs-prev,1,13.46
fischer.1,bfs-prev,1,17.43
fischer.5,bfs-prev,1,169.28
fischer.7,bfs-prev,1,259.9
gear.1,bfs-prev,1,16.89
hanoi.1,bfs-prev,1,43.62
iprotocol.1,bfs-prev,1,12.56
krebs.3,bfs-prev,1,144.92
krebs.4,bfs-prev,1,286.11
lamport.1,bfs-prev,1,19.41
lamport.3,bfs-prev,1,19.7
lamport_nonatomic.3,bfs-prev,1,13.36
lamport_nonatomic.4,bfs-prev,1,24.92
lamport_nonatomic.5,bfs-prev,1,134.93
lann.1,bfs-prev,1,19.99
lann.2,bfs-prev,1,14.1
leader_election.1,bfs-prev,1,14.16
leader_election.2,bfs-prev,1,46.94
leader_election.3,bfs-prev,1,41.54
leader_election.4,bfs-prev,1,96.38
leader_filters.1,bfs-prev,1,16.68
leader_filters.4,bfs-prev,1,18.2
leader_filters.5,bfs-prev,1,129.27
lifts.1,bfs-prev,1,13.5
lifts.4,bfs-prev,1,118.92
lifts.5,bfs-prev,1,188.6
mcs.1,bfs-prev,1,17.2
mcs.6,bfs-prev,1,16.03
msmie.1,bfs-prev,1,14.76
msmie.3,bfs-prev,1,10.46
msmie.4,bfs-prev,1,40.81
needham.2,bfs-prev,1,13.52
needham.3,bfs-prev,1,16.56
needham.4,bfs-prev,1,48.02
peg_solitaire.1,bfs-prev,1,124.38
peterson.1,bfs-prev,1,17.04
peterson.2,bfs-prev,1,18.14
peterson.3,bfs-prev,1,19.07
peterson.4,bfs-prev,1,51.8
peterson.6,bfs-prev,1,188.92
pgm_protocol.1,bfs-prev,1,84.33
phils.1,bfs-prev,1,15.72
phils.3,bfs-prev,1,15.94
phils.4,bfs-prev,1,14.56
phils.5,bfs-prev,1,12.2
phils.6,bfs-prev,1,11.09
pouring.1,bfs-prev,1,19.38
production_cell.2,bfs-prev,1,17.87
production_cell.4,bfs-prev,1,66.23
protocols.1,bfs-prev,1,16.68
protocols.2,bfs-prev,1,16.83
protocols.5,bfs-prev,1,18.29
reader_writer.1,bfs-prev,1,14.37
reader_writer.2,bfs-prev,1,12.31
reader_writer.3,bfs-prev,1,9.67
resistance.1,bfs-prev,1,52.64
resistance.2,bfs-prev,1,84.55
rether.1,bfs-prev,1,14.87
rushhour.1,bfs-prev,1,16.31
rushhour.2,bfs-prev,1,29.79
schedule_world.1,bfs-prev,1,14.29
sorter.3,bfs-prev,1,213.87
synapse.4,bfs-prev,1,155.76
szymanski.2,bfs-prev,1,19.38
szymanski.3,bfs-prev,1,67.68
telephony.1,bfs-prev,1,15.87
telephony.2,bfs-prev,1,19.37
telephony.4,bfs-prev,1,162.18
adding.1,par-prev,48,5.02
adding.2,par-prev,48,39.67
adding.3,par-prev,48,61.56
adding.4,par-prev,48,91.33
anderson.6,par-prev,48,14.17
anderson.8,par-prev,48,47.0
at.1,par-prev,48,3.06
at.5,par-prev,48,12.04
at.6,par-prev,48,32.19
at.7,par-prev,48,46.51
bakery.1,par-prev,48,3.61
bakery.5,par-prev,48,58.97
blocks.2,par-prev,48,4.35
bopdp.1,par-prev,48,1.72
bopdp.3,par-prev,48,2.44
bridge.1,par-prev,48,1.77
bridge.2,par-prev,48,2.82
brp.1,par-prev,48,2.52
brp.2,par-prev,48,2.61
brp.3,par-prev,48,6.27
brp.5,par-prev,48,13.32
brp.6,par-prev,48,19.97
brp2.1,par-prev,48,6.19
brp2.2,par-prev,48,7.48
brp2.3,par-prev,48,6.04
brp2.4,par-prev,48,44.76
brp2.5,par-prev,48,19.61
brp2.6,par-prev,48,232.08
cambridge.2,par-prev,48,3.87
cambridge.5,par-prev,48,68.33
collision.1,par-prev,48,2.73
collision.2,par-prev,48,2.85
collision.3,par-prev,48,5.86
cyclic_scheduler.4,par-prev,48,1.04
driving_phils.1,par-prev,48,2.67
elevator.1,par-prev,48,1.87
elevator.2,par-prev,48,2.06
elevator.4,par-prev,48,11.51
elevator2.1,par-prev,48,4.66
elevator2.3,par-prev,48,115.13
elevator_planning.1,par-prev,48,3.76
elevator_planning.2,par-prev,48,20.9
exit.2,par-prev,48,1.55
exit.5,par-prev,48,2.3
extinction.1,par-prev,48,1.08
extinction.2,par-prev,48,2.51
extinction.3,par-prev,48,5.52
extinction.4,par-prev,48,4.5
firewire_link.5,par-prev,48,32.1
firewire_tree.1,par-prev,48,0.77
firewire_tree.2,par-prev,48,1.32
firewire_tree.4,par-prev,48,13.24
fischer.2,par-prev,48,3.65
fischer.4,par-prev,48,9.08
fischer.6,par-prev,48,31.91
fischer.7,par-prev,48,38.92
frogs.2,par-prev,48,41.36
gear.1,par-prev,48,2.36
hanoi.1,par-prev,48,40.84
iprotocol.1,par-prev,48,1.87
iprotocol.3,par-prev,48,7.5
iprotocol.5,par-prev,48,138.55
krebs.2,par-prev,48,15.41
krebs.3,par-prev,48,48.43
krebs.4,par-prev,48,68.4
lamport.1,par-prev,48,2.37
lamport.2,par-prev,48,2.95
lamport.3,par-prev,48,2.29
lamport.5,par-prev,48,3.81
lamport.6,par-prev,48,26.79
lamport.7,par-prev,48,25.6
lamport.8,par-prev,48,24.75
lamport_nonatomic.3,par-prev,48,1.24
lamport_nonatomic.4,par-prev,48,1.54
lamport_nonatomic.5,par-prev,48,6.21
lann.1,par-prev,48,2.76
lann.2,par-prev,48,1.95
leader_election.2,par-prev,48,7.93
leader_election.3,par-prev,48,3.79
leader_election.5,par-prev,48,12.13
leader_election.6,par-prev,48,25.79
leader_filters.1,par-prev,48,2.89
leader_filters.2,par-prev,48,3.54
leader_filters.4,par-prev,48,2.65
leader_filters.5,par-prev,48,10.46
lifts.1,par-prev,48,1.38
lifts.2,par-prev,48,1.38
lifts.5,par-prev,48,8.53
lifts.7,par-prev,48,60.9
lifts.8,par-prev,48,139.52
loyd.1,par-prev,48,10.02
lup.2,par-prev,48,129.5
mcs.1,par-prev,48,2.44
mcs.2,par-prev,48,2.49
mcs.5,par-prev,48,80.0
mcs.6,par-prev,48,1.93
msmie.3,par-prev,48,1.12
needham.1,par-prev,48,2.13
needham.2,par-prev,48,1.33
needham.3,par-prev,48,1.41
needham.4,par-prev,48,2.29
peterson.1,par-prev,48,3.26
peterson.4,par-prev,48,7.39
peterson.5,par-prev,48,11.04
peterson.6,par-prev,48,15.15
pgm_protocol.1,par-prev,48,9.51
pgm_protocol.2,par-prev,48,13.72
pgm_protocol.3,par-prev,48,48.19
pgm_protocol.6,par-prev,48,80.01
phils.1,par-prev,48,3.28
phils.8,par-prev,48,1.34
pouring.2,par-prev,48,2.5
production_cell.1,par-prev,48,1.89
production_cell.2,par-prev,48,2.28
production_cell.3,par-prev,48,5.0
production_cell.5,par-prev,48,14.01
production_cell.6,par-prev,48,39.15
protocols.1,par-prev,48,5.07
protocols.2,par-prev,48,4.38
public_subscribe.1,par-prev,48,1.88
public_subscribe.4,par-prev,48,13.26
reader_writer.2,par-prev,48,1.78
reader_writer.3,par-prev,48,1.23
resistance.1,par-prev,48,40.34
resistance.2,par-prev,48,79.37
rether.1,par-prev,48,2.01
rether.3,par-prev,48,25.02
rether.4,par-prev,48,78.95
rushhour.2,par-prev,48,32.18
schedule_world.1,par-prev,48,2.15
schedule_world.2,par-prev,48,2.89
sorter.1,par-prev,48,2.29
sorter.2,par-prev,48,2.1
synapse.1,par-prev,48,2.15
synapse.2,par-prev,48,2.1
synapse.3,par-prev,48,3.91
synapse.4,par-prev,48,8.75
synapse.6,par-prev,48,4.15
szymanski.2,par-prev,48,2.74
szymanski.4,par-prev,48,10.28
telephony.2,par-prev,48,2.58
telephony.3,par-prev,48,3.65
telephony.4,par-prev,48,20.34
adding.2,bfs-prev,48,57.76
adding.3,bfs-prev,48,87.5
adding.5,bfs-prev,48,199.44
anderson.2,bfs-prev,48,12.82
at.1,bfs-prev,48,13.64
at.2,bfs-prev,48,14.02
at.4,bfs-prev,48,43.0
bakery.2,bfs-prev,48,16.83
bakery.3,bfs-prev,48,18.54
bakery.4,bfs-prev,48,22.43
blocks.2,bfs-prev,48,16.64
blocks.3,bfs-prev,48,101.83
bopdp.2,bfs-prev,48,15.38
bopdp.3,bfs-prev,48,23.7
bridge.1,bfs-prev,48,11.01
bridge.3,bfs-prev,48,50.37
brp.4,bfs-prev,48,61.96
brp.6,bfs-prev,48,98.37
brp2.1,bfs-prev,48,21.11
brp2.5,bfs-prev,48,50.31
cambridge.4,bfs-prev,48,24.5
collision.1,bfs-prev,48,13.19
collision.2,bfs-prev,48,13.65
cyclic_scheduler.1,bfs-prev,48,7.59
cyclic_scheduler.4,bfs-prev,48,8.27
driving_phils.1,bfs-prev,48,17.07
driving_phils.2,bfs-prev,48,12.62
elevator.1,bfs-prev,48,15.62
elevator2.1,bfs-prev,48,15.66
elevator2.2,bfs-prev,48,13.99
elevator2.3,bfs-prev,48,112.85
elevator_planning.2,bfs-prev,48,70.86
exit.1,bfs-prev,48,22.58
exit.3,bfs-prev,48,65.13
firewire_link.2,bfs-prev,48,25.82
firewire_tree.2,bfs-prev,48,14.3
fischer.2,bfs-prev,48,14.84
fischer.5,bfs-prev,48,95.8
fischer.6,bfs-prev,48,54.64
fischer.7,bfs-prev,48,140.47
frogs.1,bfs-prev,48,20.27
frogs.2,bfs-prev,48,53.65
iprotocol.2,bfs-prev,48,13.04
iprotocol.4,bfs-prev,48,131.35
lamport.2,bfs-prev,48,20.1
lamport.6,bfs-prev,48,198.84
lamport_nonatomic.2,bfs-prev,48,10.83
lamport_nonatomic.4,bfs-prev,48,17.67
lamport_nonatomic.5,bfs-prev,48,69.66
lann.1,bfs-prev,48,16.65
lann.2,bfs-prev,48,11.02
lann.3,bfs-prev,48,25.35
lann.4,bfs-prev,48,91.68
lann.5,bfs-prev,48,23.33
lann.7,bfs-prev,48,147.24
leader_election.1,bfs-prev,48,11.29
leader_election.5,bfs-prev,48,132.94
leader_filters.1,bfs-prev,48,12.43
leader_filters.4,bfs-prev,48,12.06
leader_filters.5,bfs-prev,48,48.17
leader_filters.6,bfs-prev,48,209.25
leader_filters.7,bfs-prev,48,150.75
lifts.3,bfs-prev,48,46.61
lifts.5,bfs-prev,48,121.43
lifts.6,bfs-prev,48,249.65
lup.1,bfs-prev,48,13.93
mcs.2,bfs-prev,48,11.91
mcs.6,bfs-prev,48,10.82
msmie.1,bfs-prev,48,12.56
msmie.2,bfs-prev,48,9.75
msmie.4,bfs-prev,48,30.17
peterson.1,bfs-prev,48,16.21
peterson.3,bfs-prev,48,13.66
peterson.6,bfs-prev,48,48.31
pgm_protocol.2,bfs-prev,48,102.85
pgm_protocol.4,bfs-prev,48,153.49
phils.2,bfs-prev,48,11.94
phils.3,bfs-prev,48,12.3
phils.4,bfs-prev,48,10.32
phils.5,bfs-prev,48,9.02
phils.8,bfs-prev,48,8.24
pouring.2,bfs-prev,48,13.61
production_cell.1,bfs-prev,48,15.25
production_cell.2,bfs-prev,48,15.68
production_cell.5,bfs-prev,48,239.2
protocols.2,bfs-prev,48,14.44
protocols.3,bfs-prev,48,13.6
protocols.4,bfs-prev,48,14.69
public_subscribe.1,bfs-prev,48,12.0
public_subscribe.3,bfs-prev,48,166.42
public_subscribe.4,bfs-prev,48,165.95
reader_writer.1,bfs-prev,48,10.33
reader_writer.3,bfs-prev,48,9.14
resistance.1,bfs-prev,48,74.36
rushhour.1,bfs-prev,48,15.43
schedule_world.1,bfs-prev,48,9.6
schedule_world.3,bfs-prev,48,198.94
sorter.1,bfs-prev,48,14.81
sorter.2,bfs-prev,48,13.24
sorter.3,bfs-prev,48,130.54
synapse.2,bfs-prev,48,16.51
synapse.5,bfs-prev,48,23.68
synapse.6,bfs-prev,48,47.01
synapse.7,bfs-prev,48,163.03
szymanski.1,bfs-prev,48,13.7
szymanski.4,bfs-prev,48,55.63
telephony.1,bfs-prev,48,12.2
telephony.3,bfs-prev,48,22.53
telephony.4,bfs-prev,48,62.18
